x-axis,1,2
second,Volt,Volt
-2.800000E-03,+2.226130597E+00,+1.671773888E+00
-2.797200E-03,+2.226130597E+00,+1.671773888E+00
-2.794400E-03,+2.301507481E+00,+1.713582933E+00
-2.791600E-03,+2.306532606E+00,+1.713582933E+00
-2.788800E-03,+2.306532606E+00,+1.713582933E+00
-2.786000E-03,+2.306532606E+00,+1.713582933E+00
-2.783200E-03,+2.306532606E+00,+1.713582933E+00
-2.780400E-03,+2.306532606E+00,+1.713582933E+00
-2.777600E-03,+2.306532606E+00,+1.713582933E+00
-2.774800E-03,+2.306532606E+00,+1.713582933E+00
-2.772000E-03,+2.306532606E+00,+1.716195998E+00
-2.769200E-03,+2.306532606E+00,+1.713582933E+00
-2.766400E-03,+2.381909490E+00,+1.755391978E+00
-2.763600E-03,+2.306532606E+00,+1.755391978E+00
-2.760800E-03,+2.386934616E+00,+1.755391978E+00
-2.758000E-03,+2.306532606E+00,+1.755391978E+00
-2.755200E-03,+2.306532606E+00,+1.755391978E+00
-2.752400E-03,+2.306532606E+00,+1.755391978E+00
-2.749600E-03,+2.306532606E+00,+1.755391978E+00
-2.746800E-03,+2.306532606E+00,+1.755391978E+00
-2.744000E-03,+2.306532606E+00,+1.713582933E+00
-2.741200E-03,+2.306532606E+00,+1.713582933E+00
-2.738400E-03,+2.306532606E+00,+1.713582933E+00
-2.735600E-03,+2.306532606E+00,+1.713582933E+00
-2.732800E-03,+2.306532606E+00,+1.716195998E+00
-2.730000E-03,+2.306532606E+00,+1.713582933E+00
-2.727200E-03,+2.306532606E+00,+1.713582933E+00
-2.724400E-03,+2.226130597E+00,+1.671773888E+00
-2.721600E-03,+2.226130597E+00,+1.671773888E+00
-2.718800E-03,+2.226130597E+00,+1.671773888E+00
-2.716000E-03,+2.226130597E+00,+1.632577909E+00
-2.713200E-03,+2.226130597E+00,+1.629964843E+00
-2.710400E-03,+2.145728588E+00,+1.629964843E+00
-2.707600E-03,+2.145728588E+00,+1.590768864E+00
-2.704800E-03,+2.145728588E+00,+1.588155799E+00
-2.702000E-03,+2.145728588E+00,+1.588155799E+00
-2.699200E-03,+2.145728588E+00,+1.588155799E+00
-2.696400E-03,+2.145728588E+00,+1.546346754E+00
-2.693600E-03,+2.145728588E+00,+1.546346754E+00
-2.690800E-03,+2.065326579E+00,+1.504537709E+00
-2.688000E-03,+2.065326579E+00,+1.504537709E+00
-2.685200E-03,+2.065326579E+00,+1.504537709E+00
-2.682400E-03,+1.984924570E+00,+1.462728664E+00
-2.679600E-03,+1.984924570E+00,+1.420919620E+00
-2.676800E-03,+1.904522561E+00,+1.381723640E+00
-2.674000E-03,+1.984924570E+00,+1.379110575E+00
-2.671200E-03,+1.904522561E+00,+1.379110575E+00
-2.668400E-03,+1.979899444E+00,+1.379110575E+00
-2.665600E-03,+1.904522561E+00,+1.337301530E+00
-2.662800E-03,+1.899497435E+00,+1.295492485E+00
-2.660000E-03,+1.824120551E+00,+1.295492485E+00
-2.657200E-03,+1.824120551E+00,+1.253683440E+00
-2.654400E-03,+1.743718542E+00,+1.253683440E+00
-2.651600E-03,+1.743718542E+00,+1.211874396E+00
-2.648800E-03,+1.743718542E+00,+1.211874396E+00
-2.646000E-03,+1.743718542E+00,+1.170065351E+00
-2.643200E-03,+1.663316533E+00,+1.128256306E+00
-2.640400E-03,+1.663316533E+00,+1.128256306E+00
-2.637600E-03,+1.663316533E+00,+1.086447261E+00
-2.634800E-03,+1.582914524E+00,+1.044638216E+00
-2.632000E-03,+1.582914524E+00,+1.044638216E+00
-2.629200E-03,+1.502512515E+00,+1.002829172E+00
-2.626400E-03,+1.502512515E+00,+963.633192E-03
-2.623600E-03,+1.502512515E+00,+961.020127E-03
-2.620800E-03,+1.422110505E+00,+919.211082E-03
-2.618000E-03,+1.422110505E+00,+877.402037E-03
-2.615200E-03,+1.422110505E+00,+835.592993E-03
-2.612400E-03,+1.341708496E+00,+796.397013E-03
-2.609600E-03,+1.341708496E+00,+754.587968E-03
-2.606800E-03,+1.261306487E+00,+751.974903E-03
-2.604000E-03,+1.261306487E+00,+710.165858E-03
-2.601200E-03,+1.256281361E+00,+670.969879E-03
-2.598400E-03,+1.180904478E+00,+668.356813E-03
-2.595600E-03,+1.175879352E+00,+626.547769E-03
-2.592800E-03,+1.100502469E+00,+584.738724E-03
-2.590000E-03,+1.100502469E+00,+542.929679E-03
-2.587200E-03,+1.020100459E+00,+542.929679E-03
-2.584400E-03,+939.698450E-03,+501.120634E-03
-2.581600E-03,+939.698450E-03,+459.311590E-03
-2.578800E-03,+939.698450E-03,+417.502545E-03
-2.576000E-03,+859.296441E-03,+378.306565E-03
-2.573200E-03,+859.296441E-03,+336.497521E-03
-2.570400E-03,+778.894432E-03,+333.884455E-03
-2.567600E-03,+778.894432E-03,+292.075410E-03
-2.564800E-03,+698.492423E-03,+250.266366E-03
-2.562000E-03,+693.467297E-03,+208.457321E-03
-2.559200E-03,+618.090414E-03,+166.648276E-03
-2.556400E-03,+618.090414E-03,+166.648276E-03
-2.553600E-03,+537.688404E-03,+124.839231E-03
-2.550800E-03,+537.688404E-03,+83.030187E-03
-2.548000E-03,+532.663279E-03,+41.221142E-03
-2.545200E-03,+457.286395E-03,+41.221142E-03
-2.542400E-03,+376.884386E-03,+41.221142E-03
-2.539600E-03,+376.884386E-03,-587.903E-06
-2.536800E-03,+296.482377E-03,-587.903E-06
-2.534000E-03,+296.482377E-03,-587.903E-06
-2.531200E-03,+216.080368E-03,-42.396948E-03
-2.528400E-03,+216.080368E-03,-587.903E-06
-2.525600E-03,+135.678358E-03,-39.783882E-03
-2.522800E-03,+135.678358E-03,-587.903E-06
-2.520000E-03,+55.276349E-03,-587.903E-06
-2.517200E-03,+55.276349E-03,-39.783882E-03
-2.514400E-03,-25.125660E-03,-587.903E-06
-2.511600E-03,-105.527669E-03,-39.783882E-03
-2.508800E-03,-105.527669E-03,-587.903E-06
-2.506000E-03,-185.929678E-03,-587.903E-06
-2.503200E-03,-185.929678E-03,-587.903E-06
-2.500400E-03,-266.331688E-03,-587.903E-06
-2.497600E-03,-266.331688E-03,-587.903E-06
-2.494800E-03,-346.733697E-03,-39.783882E-03
-2.492000E-03,-346.733697E-03,-587.903E-06
-2.489200E-03,-427.135706E-03,-39.783882E-03
-2.486400E-03,-507.537715E-03,-39.783882E-03
-2.483600E-03,-507.537715E-03,-39.783882E-03
-2.480800E-03,-587.939724E-03,-587.903E-06
-2.478000E-03,-587.939724E-03,-587.903E-06
-2.475200E-03,-592.964850E-03,-587.903E-06
-2.472400E-03,-668.341734E-03,-587.903E-06
-2.469600E-03,-748.743743E-03,-587.903E-06
-2.466800E-03,-748.743743E-03,-587.903E-06
-2.464000E-03,-829.145752E-03,-587.903E-06
-2.461200E-03,-834.170877E-03,-587.903E-06
-2.458400E-03,-909.547761E-03,-587.903E-06
-2.455600E-03,-909.547761E-03,-587.903E-06
-2.452800E-03,-989.949770E-03,-587.903E-06
-2.450000E-03,-989.949770E-03,-587.903E-06
-2.447200E-03,-1.070351779E+00,-587.903E-06
-2.444400E-03,-1.070351779E+00,-587.903E-06
-2.441600E-03,-1.150753789E+00,-587.903E-06
-2.438800E-03,-1.150753789E+00,-587.903E-06
-2.436000E-03,-1.231155798E+00,-587.903E-06
-2.433200E-03,-1.231155798E+00,-587.903E-06
-2.430400E-03,-1.311557807E+00,-587.903E-06
-2.427600E-03,-1.311557807E+00,-587.903E-06
-2.424800E-03,-1.311557807E+00,-587.903E-06
-2.422000E-03,-1.391959816E+00,-587.903E-06
-2.419200E-03,-1.472361825E+00,-42.396948E-03
-2.416400E-03,-1.472361825E+00,-587.903E-06
-2.413600E-03,-1.472361825E+00,-39.783882E-03
-2.410800E-03,-1.552763835E+00,-587.903E-06
-2.408000E-03,-1.552763835E+00,-587.903E-06
-2.405200E-03,-1.557788960E+00,-587.903E-06
-2.402400E-03,-1.633165844E+00,-587.903E-06
-2.399600E-03,-1.633165844E+00,-587.903E-06
-2.396800E-03,-1.713567853E+00,-587.903E-06
-2.394000E-03,-1.718592979E+00,-587.903E-06
-2.391200E-03,-1.793969862E+00,-42.396948E-03
-2.388400E-03,-1.793969862E+00,-39.783882E-03
-2.385600E-03,-1.874371871E+00,-587.903E-06
-2.382800E-03,-1.874371871E+00,-587.903E-06
-2.380000E-03,-1.954773881E+00,-39.783882E-03
-2.377200E-03,-1.954773881E+00,-587.903E-06
-2.374400E-03,-1.954773881E+00,-39.783882E-03
-2.371600E-03,-1.954773881E+00,-587.903E-06
-2.368800E-03,-2.035175890E+00,-587.903E-06
-2.366000E-03,-2.040201015E+00,-39.783882E-03
-2.363200E-03,-2.115577899E+00,-39.783882E-03
-2.360400E-03,-2.115577899E+00,-587.903E-06
-2.357600E-03,-2.115577899E+00,-587.903E-06
-2.354800E-03,-2.195979908E+00,-587.903E-06
-2.352000E-03,-2.195979908E+00,-587.903E-06
-2.349200E-03,-2.195979908E+00,-587.903E-06
-2.346400E-03,-2.195979908E+00,-587.903E-06
-2.343600E-03,-2.276381917E+00,-587.903E-06
-2.340800E-03,-2.276381917E+00,-39.783882E-03
-2.338000E-03,-2.276381917E+00,-587.903E-06
-2.335200E-03,-2.276381917E+00,-39.783882E-03
-2.332400E-03,-2.356783926E+00,-587.903E-06
-2.329600E-03,-2.356783926E+00,-587.903E-06
-2.326800E-03,-2.356783926E+00,-587.903E-06
-2.324000E-03,-2.356783926E+00,-39.783882E-03
-2.321200E-03,-2.356783926E+00,-587.903E-06
-2.318400E-03,-2.356783926E+00,-39.783882E-03
-2.315600E-03,-2.437185936E+00,-587.903E-06
-2.312800E-03,-2.437185936E+00,-39.783882E-03
-2.310000E-03,-2.437185936E+00,-587.903E-06
-2.307200E-03,-2.437185936E+00,-587.903E-06
-2.304400E-03,-2.437185936E+00,-39.783882E-03
-2.301600E-03,-2.517587945E+00,-587.903E-06
-2.298800E-03,-2.517587945E+00,-587.903E-06
-2.296000E-03,-2.517587945E+00,-587.903E-06
-2.293200E-03,-2.517587945E+00,-587.903E-06
-2.290400E-03,-2.442211061E+00,-587.903E-06
-2.287600E-03,-2.517587945E+00,-39.783882E-03
-2.284800E-03,-2.517587945E+00,-587.903E-06
-2.282000E-03,-2.517587945E+00,-587.903E-06
-2.279200E-03,-2.517587945E+00,-587.903E-06
-2.276400E-03,-2.517587945E+00,-587.903E-06
-2.273600E-03,-2.517587945E+00,-39.783882E-03
-2.270800E-03,-2.517587945E+00,-587.903E-06
-2.268000E-03,-2.517587945E+00,-587.903E-06
-2.265200E-03,-2.517587945E+00,-39.783882E-03
-2.262400E-03,-2.517587945E+00,-587.903E-06
-2.259600E-03,-2.522613070E+00,-587.903E-06
-2.256800E-03,-2.517587945E+00,-39.783882E-03
-2.254000E-03,-2.517587945E+00,-587.903E-06
-2.251200E-03,-2.517587945E+00,-39.783882E-03
-2.248400E-03,-2.517587945E+00,-39.783882E-03
-2.245600E-03,-2.517587945E+00,-587.903E-06
-2.242800E-03,-2.517587945E+00,-39.783882E-03
-2.240000E-03,-2.517587945E+00,-587.903E-06
-2.237200E-03,-2.517587945E+00,-587.903E-06
-2.234400E-03,-2.517587945E+00,-39.783882E-03
-2.231600E-03,-2.517587945E+00,-587.903E-06
-2.228800E-03,-2.517587945E+00,-587.903E-06
-2.226000E-03,-2.442211061E+00,-39.783882E-03
-2.223200E-03,-2.437185936E+00,-587.903E-06
-2.220400E-03,-2.437185936E+00,-39.783882E-03
-2.217600E-03,-2.437185936E+00,-587.903E-06
-2.214800E-03,-2.361809052E+00,-587.903E-06
-2.212000E-03,-2.437185936E+00,-587.903E-06
-2.209200E-03,-2.361809052E+00,-587.903E-06
-2.206400E-03,-2.437185936E+00,-587.903E-06
-2.203600E-03,-2.356783926E+00,-587.903E-06
-2.200800E-03,-2.356783926E+00,-587.903E-06
-2.198000E-03,-2.356783926E+00,-39.783882E-03
-2.195200E-03,-2.356783926E+00,-587.903E-06
-2.192400E-03,-2.356783926E+00,-587.903E-06
-2.189600E-03,-2.276381917E+00,-587.903E-06
-2.186800E-03,-2.276381917E+00,-587.903E-06
-2.184000E-03,-2.276381917E+00,-39.783882E-03
-2.181200E-03,-2.195979908E+00,-587.903E-06
-2.178400E-03,-2.195979908E+00,-587.903E-06
-2.175600E-03,-2.195979908E+00,-587.903E-06
-2.172800E-03,-2.195979908E+00,-587.903E-06
-2.170000E-03,-2.120603024E+00,-587.903E-06
-2.167200E-03,-2.115577899E+00,-587.903E-06
-2.164400E-03,-2.115577899E+00,-587.903E-06
-2.161600E-03,-2.040201015E+00,-587.903E-06
-2.158800E-03,-2.035175890E+00,-587.903E-06
-2.156000E-03,-2.035175890E+00,-587.903E-06
-2.153200E-03,-1.959799006E+00,-587.903E-06
-2.150400E-03,-1.954773881E+00,-587.903E-06
-2.147600E-03,-1.879396997E+00,-587.903E-06
-2.144800E-03,-1.874371871E+00,-587.903E-06
-2.142000E-03,-1.874371871E+00,-587.903E-06
-2.139200E-03,-1.798994988E+00,-587.903E-06
-2.136400E-03,-1.874371871E+00,-42.396948E-03
-2.133600E-03,-1.793969862E+00,-39.783882E-03
-2.130800E-03,-1.713567853E+00,-587.903E-06
-2.128000E-03,-1.713567853E+00,-39.783882E-03
-2.125200E-03,-1.638190969E+00,-587.903E-06
-2.122400E-03,-1.638190969E+00,-587.903E-06
-2.119600E-03,-1.633165844E+00,-587.903E-06
-2.116800E-03,-1.552763835E+00,-587.903E-06
-2.114000E-03,-1.552763835E+00,-587.903E-06
-2.111200E-03,-1.472361825E+00,-587.903E-06
-2.108400E-03,-1.472361825E+00,-587.903E-06
-2.105600E-03,-1.472361825E+00,-39.783882E-03
-2.102800E-03,-1.391959816E+00,-587.903E-06
-2.100000E-03,-1.391959816E+00,-587.903E-06
-2.097200E-03,-1.311557807E+00,-587.903E-06
-2.094400E-03,-1.311557807E+00,-587.903E-06
-2.091600E-03,-1.231155798E+00,-587.903E-06
-2.088800E-03,-1.155778914E+00,-587.903E-06
-2.086000E-03,-1.150753789E+00,-587.903E-06
-2.083200E-03,-1.150753789E+00,-587.903E-06
-2.080400E-03,-1.070351779E+00,-587.903E-06
-2.077600E-03,-1.070351779E+00,-587.903E-06
-2.074800E-03,-989.949770E-03,-587.903E-06
-2.072000E-03,-989.949770E-03,-587.903E-06
-2.069200E-03,-909.547761E-03,-42.396948E-03
-2.066400E-03,-834.170877E-03,-587.903E-06
-2.063600E-03,-829.145752E-03,-587.903E-06
-2.060800E-03,-829.145752E-03,-587.903E-06
-2.058000E-03,-748.743743E-03,-587.903E-06
-2.055200E-03,-748.743743E-03,-587.903E-06
-2.052400E-03,-668.341734E-03,-42.396948E-03
-2.049600E-03,-668.341734E-03,-587.903E-06
-2.046800E-03,-587.939724E-03,-587.903E-06
-2.044000E-03,-507.537715E-03,-587.903E-06
-2.041200E-03,-507.537715E-03,-587.903E-06
-2.038400E-03,-427.135706E-03,-42.396948E-03
-2.035600E-03,-427.135706E-03,-587.903E-06
-2.032800E-03,-427.135706E-03,-587.903E-06
-2.030000E-03,-346.733697E-03,-587.903E-06
-2.027200E-03,-266.331688E-03,-587.903E-06
-2.024400E-03,-185.929678E-03,-39.783882E-03
-2.021600E-03,-185.929678E-03,-587.903E-06
-2.018800E-03,-110.552795E-03,-587.903E-06
-2.016000E-03,-105.527669E-03,-587.903E-06
-2.013200E-03,-105.527669E-03,-587.903E-06
-2.010400E-03,-25.125660E-03,-39.783882E-03
-2.007600E-03,+50.251224E-03,-587.903E-06
-2.004800E-03,+55.276349E-03,-587.903E-06
-2.002000E-03,+55.276349E-03,-587.903E-06
-1.999200E-03,+135.678358E-03,-587.903E-06
-1.996400E-03,+135.678358E-03,-587.903E-06
-1.993600E-03,+216.080368E-03,-587.903E-06
-1.990800E-03,+296.482377E-03,-587.903E-06
-1.988000E-03,+296.482377E-03,-587.903E-06
-1.985200E-03,+376.884386E-03,-587.903E-06
-1.982400E-03,+376.884386E-03,-587.903E-06
-1.979600E-03,+457.286395E-03,-587.903E-06
-1.976800E-03,+457.286395E-03,+41.221142E-03
-1.974000E-03,+537.688404E-03,+41.221142E-03
-1.971200E-03,+537.688404E-03,+85.643252E-03
-1.968400E-03,+618.090414E-03,+124.839231E-03
-1.965600E-03,+693.467297E-03,+166.648276E-03
-1.962800E-03,+698.492423E-03,+166.648276E-03
-1.960000E-03,+698.492423E-03,+208.457321E-03
-1.957200E-03,+778.894432E-03,+250.266366E-03
-1.954400E-03,+778.894432E-03,+292.075410E-03
-1.951600E-03,+859.296441E-03,+292.075410E-03
-1.948800E-03,+939.698450E-03,+333.884455E-03
-1.946000E-03,+939.698450E-03,+375.693500E-03
-1.943200E-03,+1.020100459E+00,+417.502545E-03
-1.940400E-03,+1.020100459E+00,+420.115610E-03
-1.937600E-03,+1.020100459E+00,+501.120634E-03
-1.934800E-03,+1.095477343E+00,+501.120634E-03
-1.932000E-03,+1.100502469E+00,+542.929679E-03
-1.929200E-03,+1.175879352E+00,+584.738724E-03
-1.926400E-03,+1.180904478E+00,+626.547769E-03
-1.923600E-03,+1.180904478E+00,+668.356813E-03
-1.920800E-03,+1.261306487E+00,+668.356813E-03
-1.918000E-03,+1.336683371E+00,+710.165858E-03
-1.915200E-03,+1.341708496E+00,+751.974903E-03
-1.912400E-03,+1.341708496E+00,+793.783948E-03
-1.909600E-03,+1.341708496E+00,+793.783948E-03
-1.906800E-03,+1.422110505E+00,+835.592993E-03
-1.904000E-03,+1.422110505E+00,+877.402037E-03
-1.901200E-03,+1.422110505E+00,+880.015103E-03
-1.898400E-03,+1.577889398E+00,+921.824147E-03
-1.895600E-03,+1.582914524E+00,+961.020127E-03
-1.892800E-03,+1.582914524E+00,+963.633192E-03
-1.890000E-03,+1.582914524E+00,+1.005442237E+00
-1.887200E-03,+1.658291407E+00,+1.044638216E+00
-1.884400E-03,+1.582914524E+00,+1.086447261E+00
-1.881600E-03,+1.663316533E+00,+1.128256306E+00
-1.878800E-03,+1.743718542E+00,+1.128256306E+00
-1.876000E-03,+1.743718542E+00,+1.170065351E+00
-1.873200E-03,+1.819095426E+00,+1.170065351E+00
-1.870400E-03,+1.743718542E+00,+1.211874396E+00
-1.867600E-03,+1.824120551E+00,+1.211874396E+00
-1.864800E-03,+1.824120551E+00,+1.295492485E+00
-1.862000E-03,+1.904522561E+00,+1.295492485E+00
-1.859200E-03,+1.904522561E+00,+1.295492485E+00
-1.856400E-03,+1.904522561E+00,+1.337301530E+00
-1.853600E-03,+1.904522561E+00,+1.337301530E+00
-1.850800E-03,+1.984924570E+00,+1.379110575E+00
-1.848000E-03,+1.984924570E+00,+1.379110575E+00
-1.845200E-03,+1.984924570E+00,+1.420919620E+00
-1.842400E-03,+2.065326579E+00,+1.462728664E+00
-1.839600E-03,+2.065326579E+00,+1.462728664E+00
-1.836800E-03,+2.065326579E+00,+1.462728664E+00
-1.834000E-03,+2.065326579E+00,+1.504537709E+00
-1.831200E-03,+2.145728588E+00,+1.504537709E+00
-1.828400E-03,+2.145728588E+00,+1.546346754E+00
-1.825600E-03,+2.145728588E+00,+1.546346754E+00
-1.822800E-03,+2.145728588E+00,+1.588155799E+00
-1.820000E-03,+2.145728588E+00,+1.588155799E+00
-1.817200E-03,+2.221105472E+00,+1.588155799E+00
-1.814400E-03,+2.145728588E+00,+1.588155799E+00
-1.811600E-03,+2.226130597E+00,+1.629964843E+00
-1.808800E-03,+2.226130597E+00,+1.629964843E+00
-1.806000E-03,+2.226130597E+00,+1.629964843E+00
-1.803200E-03,+2.226130597E+00,+1.671773888E+00
-1.800400E-03,+2.306532606E+00,+1.671773888E+00
-1.797600E-03,+2.301507481E+00,+1.671773888E+00
-1.794800E-03,+2.306532606E+00,+1.671773888E+00
-1.792000E-03,+2.306532606E+00,+1.713582933E+00
-1.789200E-03,+2.306532606E+00,+1.713582933E+00
-1.786400E-03,+2.306532606E+00,+1.713582933E+00
-1.783600E-03,+2.306532606E+00,+1.713582933E+00
-1.780800E-03,+2.306532606E+00,+1.713582933E+00
-1.778000E-03,+2.306532606E+00,+1.713582933E+00
-1.775200E-03,+2.306532606E+00,+1.713582933E+00
-1.772400E-03,+2.386934616E+00,+1.713582933E+00
-1.769600E-03,+2.306532606E+00,+1.755391978E+00
-1.766800E-03,+2.306532606E+00,+1.755391978E+00
-1.764000E-03,+2.381909490E+00,+1.713582933E+00
-1.761200E-03,+2.306532606E+00,+1.755391978E+00
-1.758400E-03,+2.306532606E+00,+1.755391978E+00
-1.755600E-03,+2.306532606E+00,+1.755391978E+00
-1.752800E-03,+2.306532606E+00,+1.713582933E+00
-1.750000E-03,+2.306532606E+00,+1.716195998E+00
-1.747200E-03,+2.226130597E+00,+1.755391978E+00
-1.744400E-03,+2.306532606E+00,+1.713582933E+00
-1.741600E-03,+2.306532606E+00,+1.713582933E+00
-1.738800E-03,+2.306532606E+00,+1.713582933E+00
-1.736000E-03,+2.306532606E+00,+1.713582933E+00
-1.733200E-03,+2.226130597E+00,+1.713582933E+00
-1.730400E-03,+2.301507481E+00,+1.713582933E+00
-1.727600E-03,+2.306532606E+00,+1.674386953E+00
-1.724800E-03,+2.226130597E+00,+1.671773888E+00
-1.722000E-03,+2.301507481E+00,+1.671773888E+00
-1.719200E-03,+2.226130597E+00,+1.671773888E+00
-1.716400E-03,+2.226130597E+00,+1.671773888E+00
-1.713600E-03,+2.226130597E+00,+1.629964843E+00
-1.710800E-03,+2.145728588E+00,+1.629964843E+00
-1.708000E-03,+2.226130597E+00,+1.629964843E+00
-1.705200E-03,+2.145728588E+00,+1.588155799E+00
-1.702400E-03,+2.145728588E+00,+1.588155799E+00
-1.699600E-03,+2.140703463E+00,+1.548959819E+00
-1.696800E-03,+2.145728588E+00,+1.546346754E+00
-1.694000E-03,+2.065326579E+00,+1.546346754E+00
-1.691200E-03,+2.140703463E+00,+1.504537709E+00
-1.688400E-03,+2.065326579E+00,+1.504537709E+00
-1.685600E-03,+2.065326579E+00,+1.465341730E+00
-1.682800E-03,+1.984924570E+00,+1.462728664E+00
-1.680000E-03,+1.984924570E+00,+1.420919620E+00
-1.677200E-03,+1.984924570E+00,+1.420919620E+00
-1.674400E-03,+1.984924570E+00,+1.379110575E+00
-1.671600E-03,+1.904522561E+00,+1.339914595E+00
-1.668800E-03,+1.904522561E+00,+1.379110575E+00
-1.666000E-03,+1.904522561E+00,+1.337301530E+00
-1.663200E-03,+1.904522561E+00,+1.337301530E+00
-1.660400E-03,+1.824120551E+00,+1.295492485E+00
-1.657600E-03,+1.824120551E+00,+1.295492485E+00
-1.654800E-03,+1.824120551E+00,+1.253683440E+00
-1.652000E-03,+1.743718542E+00,+1.211874396E+00
-1.649200E-03,+1.743718542E+00,+1.172678416E+00
-1.646400E-03,+1.738693417E+00,+1.170065351E+00
-1.643600E-03,+1.743718542E+00,+1.130869371E+00
-1.640800E-03,+1.663316533E+00,+1.128256306E+00
-1.638000E-03,+1.663316533E+00,+1.086447261E+00
-1.635200E-03,+1.582914524E+00,+1.044638216E+00
-1.632400E-03,+1.582914524E+00,+1.044638216E+00
-1.629600E-03,+1.582914524E+00,+1.002829172E+00
-1.626800E-03,+1.502512515E+00,+963.633192E-03
-1.624000E-03,+1.502512515E+00,+919.211082E-03
-1.621200E-03,+1.422110505E+00,+919.211082E-03
-1.618400E-03,+1.422110505E+00,+877.402037E-03
-1.615600E-03,+1.422110505E+00,+877.402037E-03
-1.612800E-03,+1.341708496E+00,+835.592993E-03
-1.610000E-03,+1.341708496E+00,+793.783948E-03
-1.607200E-03,+1.261306487E+00,+751.974903E-03
-1.604400E-03,+1.261306487E+00,+751.974903E-03
-1.601600E-03,+1.180904478E+00,+710.165858E-03
-1.598800E-03,+1.180904478E+00,+668.356813E-03
-1.596000E-03,+1.180904478E+00,+626.547769E-03
-1.593200E-03,+1.100502469E+00,+584.738724E-03
-1.590400E-03,+1.095477343E+00,+545.542744E-03
-1.587600E-03,+1.020100459E+00,+542.929679E-03
-1.584800E-03,+1.015075334E+00,+501.120634E-03
-1.582000E-03,+939.698450E-03,+459.311590E-03
-1.579200E-03,+939.698450E-03,+417.502545E-03
-1.576400E-03,+939.698450E-03,+375.693500E-03
-1.573600E-03,+859.296441E-03,+333.884455E-03
-1.570800E-03,+778.894432E-03,+333.884455E-03
-1.568000E-03,+778.894432E-03,+292.075410E-03
-1.565200E-03,+698.492423E-03,+250.266366E-03
-1.562400E-03,+698.492423E-03,+208.457321E-03
-1.559600E-03,+618.090414E-03,+166.648276E-03
-1.556800E-03,+618.090414E-03,+166.648276E-03
-1.554000E-03,+537.688404E-03,+124.839231E-03
-1.551200E-03,+537.688404E-03,+83.030187E-03
-1.548400E-03,+457.286395E-03,+43.834207E-03
-1.545600E-03,+457.286395E-03,+41.221142E-03
-1.542800E-03,+452.261270E-03,+41.221142E-03
-1.540000E-03,+371.859260E-03,-587.903E-06
-1.537200E-03,+371.859260E-03,-587.903E-06
-1.534400E-03,+296.482377E-03,-587.903E-06
-1.531600E-03,+216.080368E-03,-587.903E-06
-1.528800E-03,+216.080368E-03,-587.903E-06
-1.526000E-03,+135.678358E-03,-587.903E-06
-1.523200E-03,+135.678358E-03,-42.396948E-03
-1.520400E-03,+55.276349E-03,-39.783882E-03
-1.517600E-03,+50.251224E-03,-39.783882E-03
-1.514800E-03,-25.125660E-03,-587.903E-06
-1.512000E-03,-25.125660E-03,-42.396948E-03
-1.509200E-03,-105.527669E-03,-587.903E-06
-1.506400E-03,-185.929678E-03,-39.783882E-03
-1.503600E-03,-185.929678E-03,-587.903E-06
-1.500800E-03,-190.954804E-03,-587.903E-06
-1.498000E-03,-266.331688E-03,-587.903E-06
-1.495200E-03,-346.733697E-03,-587.903E-06
-1.492400E-03,-346.733697E-03,-587.903E-06
-1.489600E-03,-427.135706E-03,-587.903E-06
-1.486800E-03,-427.135706E-03,-42.396948E-03
-1.484000E-03,-507.537715E-03,-587.903E-06
-1.481200E-03,-587.939724E-03,-587.903E-06
-1.478400E-03,-587.939724E-03,-39.783882E-03
-1.475600E-03,-668.341734E-03,-587.903E-06
-1.472800E-03,-668.341734E-03,-587.903E-06
-1.470000E-03,-748.743743E-03,-587.903E-06
-1.467200E-03,-748.743743E-03,-39.783882E-03
-1.464400E-03,-829.145752E-03,-39.783882E-03
-1.461600E-03,-829.145752E-03,-587.903E-06
-1.458800E-03,-909.547761E-03,-39.783882E-03
-1.456000E-03,-909.547761E-03,-587.903E-06
-1.453200E-03,-989.949770E-03,-42.396948E-03
-1.450400E-03,-989.949770E-03,-587.903E-06
-1.447600E-03,-989.949770E-03,-587.903E-06
-1.444800E-03,-1.070351779E+00,-587.903E-06
-1.442000E-03,-1.150753789E+00,-587.903E-06
-1.439200E-03,-1.150753789E+00,-587.903E-06
-1.436400E-03,-1.231155798E+00,-587.903E-06
-1.433600E-03,-1.231155798E+00,-587.903E-06
-1.430800E-03,-1.311557807E+00,-587.903E-06
-1.428000E-03,-1.311557807E+00,-587.903E-06
-1.425200E-03,-1.391959816E+00,-587.903E-06
-1.422400E-03,-1.391959816E+00,-587.903E-06
-1.419600E-03,-1.396984942E+00,-587.903E-06
-1.416800E-03,-1.472361825E+00,-587.903E-06
-1.414000E-03,-1.552763835E+00,-42.396948E-03
-1.411200E-03,-1.552763835E+00,-587.903E-06
-1.408400E-03,-1.633165844E+00,-587.903E-06
-1.405600E-03,-1.633165844E+00,-587.903E-06
-1.402800E-03,-1.633165844E+00,-587.903E-06
-1.400000E-03,-1.713567853E+00,-587.903E-06
-1.397200E-03,-1.713567853E+00,-587.903E-06
-1.394400E-03,-1.793969862E+00,-587.903E-06
-1.391600E-03,-1.793969862E+00,-42.396948E-03
-1.388800E-03,-1.793969862E+00,-587.903E-06
-1.386000E-03,-1.798994988E+00,-587.903E-06
-1.383200E-03,-1.874371871E+00,-587.903E-06
-1.380400E-03,-1.954773881E+00,-587.903E-06
-1.377600E-03,-1.954773881E+00,-587.903E-06
-1.374800E-03,-1.954773881E+00,-587.903E-06
-1.372000E-03,-1.954773881E+00,-587.903E-06
-1.369200E-03,-2.035175890E+00,-587.903E-06
-1.366400E-03,-2.035175890E+00,-587.903E-06
-1.363600E-03,-2.035175890E+00,-587.903E-06
-1.360800E-03,-2.040201015E+00,-42.396948E-03
-1.358000E-03,-2.115577899E+00,-39.783882E-03
-1.355200E-03,-2.115577899E+00,-587.903E-06
-1.352400E-03,-2.115577899E+00,-42.396948E-03
-1.349600E-03,-2.195979908E+00,-587.903E-06
-1.346800E-03,-2.195979908E+00,-39.783882E-03
-1.344000E-03,-2.201005034E+00,-42.396948E-03
-1.341200E-03,-2.276381917E+00,-39.783882E-03
-1.338400E-03,-2.276381917E+00,-587.903E-06
-1.335600E-03,-2.276381917E+00,-42.396948E-03
-1.332800E-03,-2.356783926E+00,-587.903E-06
-1.330000E-03,-2.356783926E+00,-39.783882E-03
-1.327200E-03,-2.356783926E+00,-39.783882E-03
-1.324400E-03,-2.356783926E+00,-587.903E-06
-1.321600E-03,-2.356783926E+00,-587.903E-06
-1.318800E-03,-2.361809052E+00,-587.903E-06
-1.316000E-03,-2.437185936E+00,-587.903E-06
-1.313200E-03,-2.437185936E+00,-587.903E-06
-1.310400E-03,-2.437185936E+00,-39.783882E-03
-1.307600E-03,-2.437185936E+00,-587.903E-06
-1.304800E-03,-2.517587945E+00,-587.903E-06
-1.302000E-03,-2.442211061E+00,-587.903E-06
-1.299200E-03,-2.437185936E+00,-42.396948E-03
-1.296400E-03,-2.517587945E+00,-587.903E-06
-1.293600E-03,-2.517587945E+00,-42.396948E-03
-1.290800E-03,-2.517587945E+00,-587.903E-06
-1.288000E-03,-2.517587945E+00,-587.903E-06
-1.285200E-03,-2.517587945E+00,-39.783882E-03
-1.282400E-03,-2.517587945E+00,-42.396948E-03
-1.279600E-03,-2.517587945E+00,-587.903E-06
-1.276800E-03,-2.517587945E+00,-39.783882E-03
-1.274000E-03,-2.517587945E+00,-587.903E-06
-1.271200E-03,-2.522613070E+00,-587.903E-06
-1.268400E-03,-2.517587945E+00,-587.903E-06
-1.265600E-03,-2.597989954E+00,-587.903E-06
-1.262800E-03,-2.517587945E+00,-39.783882E-03
-1.260000E-03,-2.517587945E+00,-587.903E-06
-1.257200E-03,-2.517587945E+00,-587.903E-06
-1.254400E-03,-2.517587945E+00,-587.903E-06
-1.251600E-03,-2.522613070E+00,-39.783882E-03
-1.248800E-03,-2.517587945E+00,-42.396948E-03
-1.246000E-03,-2.517587945E+00,-39.783882E-03
-1.243200E-03,-2.517587945E+00,-587.903E-06
-1.240400E-03,-2.517587945E+00,-39.783882E-03
-1.237600E-03,-2.517587945E+00,-42.396948E-03
-1.234800E-03,-2.517587945E+00,-587.903E-06
-1.232000E-03,-2.517587945E+00,-587.903E-06
-1.229200E-03,-2.517587945E+00,-587.903E-06
-1.226400E-03,-2.517587945E+00,-587.903E-06
-1.223600E-03,-2.442211061E+00,-587.903E-06
-1.220800E-03,-2.517587945E+00,-587.903E-06
-1.218000E-03,-2.437185936E+00,-587.903E-06
-1.215200E-03,-2.437185936E+00,-39.783882E-03
-1.212400E-03,-2.437185936E+00,-587.903E-06
-1.209600E-03,-2.437185936E+00,-587.903E-06
-1.206800E-03,-2.356783926E+00,-587.903E-06
-1.204000E-03,-2.437185936E+00,-587.903E-06
-1.201200E-03,-2.437185936E+00,-39.783882E-03
-1.198400E-03,-2.356783926E+00,-587.903E-06
-1.195600E-03,-2.356783926E+00,-587.903E-06
-1.192800E-03,-2.281407043E+00,-39.783882E-03
-1.190000E-03,-2.276381917E+00,-42.396948E-03
-1.187200E-03,-2.276381917E+00,-39.783882E-03
-1.184400E-03,-2.201005034E+00,-587.903E-06
-1.181600E-03,-2.201005034E+00,-587.903E-06
-1.178800E-03,-2.195979908E+00,-587.903E-06
-1.176000E-03,-2.195979908E+00,-587.903E-06
-1.173200E-03,-2.115577899E+00,-587.903E-06
-1.170400E-03,-2.115577899E+00,-587.903E-06
-1.167600E-03,-2.115577899E+00,-587.903E-06
-1.164800E-03,-2.115577899E+00,-39.783882E-03
-1.162000E-03,-2.115577899E+00,-587.903E-06
-1.159200E-03,-2.035175890E+00,-42.396948E-03
-1.156400E-03,-1.959799006E+00,-587.903E-06
-1.153600E-03,-2.035175890E+00,-587.903E-06
-1.150800E-03,-1.954773881E+00,-587.903E-06
-1.148000E-03,-1.954773881E+00,-587.903E-06
-1.145200E-03,-1.879396997E+00,-587.903E-06
-1.142400E-03,-1.874371871E+00,-587.903E-06
-1.139600E-03,-1.798994988E+00,-587.903E-06
-1.136800E-03,-1.793969862E+00,-39.783882E-03
-1.134000E-03,-1.793969862E+00,-39.783882E-03
-1.131200E-03,-1.713567853E+00,-587.903E-06
-1.128400E-03,-1.713567853E+00,-587.903E-06
-1.125600E-03,-1.713567853E+00,-39.783882E-03
-1.122800E-03,-1.633165844E+00,-42.396948E-03
-1.120000E-03,-1.633165844E+00,-587.903E-06
-1.117200E-03,-1.552763835E+00,-587.903E-06
-1.114400E-03,-1.552763835E+00,-587.903E-06
-1.111600E-03,-1.472361825E+00,-587.903E-06
-1.108800E-03,-1.472361825E+00,-587.903E-06
-1.106000E-03,-1.472361825E+00,-42.396948E-03
-1.103200E-03,-1.391959816E+00,-587.903E-06
-1.100400E-03,-1.391959816E+00,-587.903E-06
-1.097600E-03,-1.311557807E+00,-587.903E-06
-1.094800E-03,-1.236180923E+00,-587.903E-06
-1.092000E-03,-1.311557807E+00,-39.783882E-03
-1.089200E-03,-1.231155798E+00,-39.783882E-03
-1.086400E-03,-1.155778914E+00,-587.903E-06
-1.083600E-03,-1.150753789E+00,-587.903E-06
-1.080800E-03,-1.070351779E+00,-587.903E-06
-1.078000E-03,-1.070351779E+00,-587.903E-06
-1.075200E-03,-994.974896E-03,-587.903E-06
-1.072400E-03,-989.949770E-03,-587.903E-06
-1.069600E-03,-909.547761E-03,-587.903E-06
-1.066800E-03,-909.547761E-03,-587.903E-06
-1.064000E-03,-829.145752E-03,-587.903E-06
-1.061200E-03,-829.145752E-03,-587.903E-06
-1.058400E-03,-829.145752E-03,-587.903E-06
-1.055600E-03,-748.743743E-03,-39.783882E-03
-1.052800E-03,-668.341734E-03,-39.783882E-03
-1.050000E-03,-592.964850E-03,-587.903E-06
-1.047200E-03,-587.939724E-03,-587.903E-06
-1.044400E-03,-512.562841E-03,-587.903E-06
-1.041600E-03,-507.537715E-03,-587.903E-06
-1.038800E-03,-432.160832E-03,-587.903E-06
-1.036000E-03,-427.135706E-03,-587.903E-06
-1.033200E-03,-346.733697E-03,-39.783882E-03
-1.030400E-03,-346.733697E-03,-587.903E-06
-1.027600E-03,-266.331688E-03,-587.903E-06
-1.024800E-03,-266.331688E-03,-587.903E-06
-1.022000E-03,-185.929678E-03,-587.903E-06
-1.019200E-03,-185.929678E-03,-587.903E-06
-1.016400E-03,-105.527669E-03,-587.903E-06
-1.013600E-03,-105.527669E-03,-587.903E-06
-1.010800E-03,-25.125660E-03,-587.903E-06
-1.008000E-03,+50.251224E-03,-587.903E-06
-1.005200E-03,+55.276349E-03,-587.903E-06
-1.002400E-03,+135.678358E-03,-587.903E-06
-999.600E-06,+135.678358E-03,-587.903E-06
-996.800E-06,+135.678358E-03,-587.903E-06
-994.000E-06,+216.080368E-03,-587.903E-06
-991.200E-06,+296.482377E-03,-587.903E-06
-988.400E-06,+296.482377E-03,-587.903E-06
-985.600E-06,+376.884386E-03,-587.903E-06
-982.800E-06,+452.261270E-03,-587.903E-06
-980.000E-06,+457.286395E-03,-587.903E-06
-977.200E-06,+532.663279E-03,+41.221142E-03
-974.400E-06,+537.688404E-03,+43.834207E-03
-971.600E-06,+537.688404E-03,+83.030187E-03
-968.800E-06,+618.090414E-03,+124.839231E-03
-966.000E-06,+693.467297E-03,+166.648276E-03
-963.200E-06,+698.492423E-03,+166.648276E-03
-960.400E-06,+698.492423E-03,+208.457321E-03
-957.600E-06,+778.894432E-03,+250.266366E-03
-954.800E-06,+778.894432E-03,+292.075410E-03
-952.000E-06,+854.271316E-03,+333.884455E-03
-949.200E-06,+859.296441E-03,+294.688476E-03
-946.400E-06,+939.698450E-03,+375.693500E-03
-943.600E-06,+939.698450E-03,+417.502545E-03
-940.800E-06,+939.698450E-03,+459.311590E-03
-938.000E-06,+1.020100459E+00,+501.120634E-03
-935.200E-06,+1.100502469E+00,+501.120634E-03
-932.400E-06,+1.100502469E+00,+542.929679E-03
-929.600E-06,+1.180904478E+00,+584.738724E-03
-926.800E-06,+1.256281361E+00,+626.547769E-03
-924.000E-06,+1.180904478E+00,+626.547769E-03
-921.200E-06,+1.261306487E+00,+710.165858E-03
-918.400E-06,+1.336683371E+00,+710.165858E-03
-915.600E-06,+1.341708496E+00,+712.778924E-03
-912.800E-06,+1.341708496E+00,+793.783948E-03
-910.000E-06,+1.341708496E+00,+793.783948E-03
-907.200E-06,+1.422110505E+00,+835.592993E-03
-904.400E-06,+1.497487389E+00,+877.402037E-03
-901.600E-06,+1.502512515E+00,+877.402037E-03
-898.800E-06,+1.577889398E+00,+919.211082E-03
-896.000E-06,+1.502512515E+00,+961.020127E-03
-893.200E-06,+1.582914524E+00,+1.002829172E+00
-890.400E-06,+1.582914524E+00,+1.044638216E+00
-887.600E-06,+1.663316533E+00,+1.044638216E+00
-884.800E-06,+1.663316533E+00,+1.086447261E+00
-882.000E-06,+1.663316533E+00,+1.086447261E+00
-879.200E-06,+1.738693417E+00,+1.128256306E+00
-876.400E-06,+1.743718542E+00,+1.170065351E+00
-873.600E-06,+1.743718542E+00,+1.211874396E+00
-870.800E-06,+1.824120551E+00,+1.211874396E+00
-868.000E-06,+1.824120551E+00,+1.253683440E+00
-865.200E-06,+1.824120551E+00,+1.253683440E+00
-862.400E-06,+1.904522561E+00,+1.295492485E+00
-859.600E-06,+1.904522561E+00,+1.298105550E+00
-856.800E-06,+1.904522561E+00,+1.298105550E+00
-854.000E-06,+1.904522561E+00,+1.337301530E+00
-851.200E-06,+1.979899444E+00,+1.379110575E+00
-848.400E-06,+1.984924570E+00,+1.420919620E+00
-845.600E-06,+1.984924570E+00,+1.420919620E+00
-842.800E-06,+2.060301453E+00,+1.462728664E+00
-840.000E-06,+2.065326579E+00,+1.462728664E+00
-837.200E-06,+2.065326579E+00,+1.504537709E+00
-834.400E-06,+2.065326579E+00,+1.504537709E+00
-831.600E-06,+2.065326579E+00,+1.504537709E+00
-828.800E-06,+2.145728588E+00,+1.546346754E+00
-826.000E-06,+2.145728588E+00,+1.546346754E+00
-823.200E-06,+2.145728588E+00,+1.588155799E+00
-820.400E-06,+2.145728588E+00,+1.588155799E+00
-817.600E-06,+2.145728588E+00,+1.588155799E+00
-814.800E-06,+2.226130597E+00,+1.588155799E+00
-812.000E-06,+2.226130597E+00,+1.629964843E+00
-809.200E-06,+2.226130597E+00,+1.671773888E+00
-806.400E-06,+2.226130597E+00,+1.629964843E+00
-803.600E-06,+2.226130597E+00,+1.671773888E+00
-800.800E-06,+2.306532606E+00,+1.671773888E+00
-798.000E-06,+2.301507481E+00,+1.671773888E+00
-795.200E-06,+2.226130597E+00,+1.713582933E+00
-792.400E-06,+2.306532606E+00,+1.713582933E+00
-789.600E-06,+2.306532606E+00,+1.713582933E+00
-786.800E-06,+2.306532606E+00,+1.713582933E+00
-784.000E-06,+2.306532606E+00,+1.713582933E+00
-781.200E-06,+2.306532606E+00,+1.713582933E+00
-778.400E-06,+2.306532606E+00,+1.716195998E+00
-775.600E-06,+2.306532606E+00,+1.755391978E+00
-772.800E-06,+2.306532606E+00,+1.755391978E+00
-770.000E-06,+2.306532606E+00,+1.716195998E+00
-767.200E-06,+2.306532606E+00,+1.755391978E+00
-764.400E-06,+2.306532606E+00,+1.755391978E+00
-761.600E-06,+2.381909490E+00,+1.716195998E+00
-758.800E-06,+2.306532606E+00,+1.755391978E+00
-756.000E-06,+2.306532606E+00,+1.716195998E+00
-753.200E-06,+2.306532606E+00,+1.713582933E+00
-750.400E-06,+2.306532606E+00,+1.755391978E+00
-747.600E-06,+2.306532606E+00,+1.713582933E+00
-744.800E-06,+2.306532606E+00,+1.713582933E+00
-742.000E-06,+2.306532606E+00,+1.713582933E+00
-739.200E-06,+2.306532606E+00,+1.713582933E+00
-736.400E-06,+2.306532606E+00,+1.674386953E+00
-733.600E-06,+2.306532606E+00,+1.713582933E+00
-730.800E-06,+2.226130597E+00,+1.713582933E+00
-728.000E-06,+2.226130597E+00,+1.671773888E+00
-725.200E-06,+2.306532606E+00,+1.671773888E+00
-722.400E-06,+2.226130597E+00,+1.671773888E+00
-719.600E-06,+2.226130597E+00,+1.632577909E+00
-716.800E-06,+2.226130597E+00,+1.629964843E+00
-714.000E-06,+2.145728588E+00,+1.629964843E+00
-711.200E-06,+2.226130597E+00,+1.590768864E+00
-708.400E-06,+2.145728588E+00,+1.590768864E+00
-705.600E-06,+2.145728588E+00,+1.588155799E+00
-702.800E-06,+2.145728588E+00,+1.588155799E+00
-700.000E-06,+2.145728588E+00,+1.588155799E+00
-697.200E-06,+2.145728588E+00,+1.546346754E+00
-694.400E-06,+2.065326579E+00,+1.546346754E+00
-691.600E-06,+2.065326579E+00,+1.546346754E+00
-688.800E-06,+2.065326579E+00,+1.504537709E+00
-686.000E-06,+2.065326579E+00,+1.465341730E+00
-683.200E-06,+2.065326579E+00,+1.423532685E+00
-680.400E-06,+1.984924570E+00,+1.462728664E+00
-677.600E-06,+1.984924570E+00,+1.420919620E+00
-674.800E-06,+1.904522561E+00,+1.379110575E+00
-672.000E-06,+1.979899444E+00,+1.379110575E+00
-669.200E-06,+1.984924570E+00,+1.379110575E+00
-666.400E-06,+1.904522561E+00,+1.337301530E+00
-663.600E-06,+1.904522561E+00,+1.295492485E+00
-660.800E-06,+1.824120551E+00,+1.256296506E+00
-658.000E-06,+1.824120551E+00,+1.253683440E+00
-655.200E-06,+1.824120551E+00,+1.253683440E+00
-652.400E-06,+1.743718542E+00,+1.214487461E+00
-649.600E-06,+1.743718542E+00,+1.211874396E+00
-646.800E-06,+1.743718542E+00,+1.130869371E+00
-644.000E-06,+1.663316533E+00,+1.128256306E+00
-641.200E-06,+1.663316533E+00,+1.089060327E+00
-638.400E-06,+1.663316533E+00,+1.086447261E+00
-635.600E-06,+1.582914524E+00,+1.044638216E+00
-632.800E-06,+1.582914524E+00,+1.044638216E+00
-630.000E-06,+1.582914524E+00,+1.002829172E+00
-627.200E-06,+1.502512515E+00,+963.633192E-03
-624.400E-06,+1.502512515E+00,+961.020127E-03
-621.600E-06,+1.502512515E+00,+919.211082E-03
-618.800E-06,+1.341708496E+00,+919.211082E-03
-616.000E-06,+1.422110505E+00,+838.206058E-03
-613.200E-06,+1.341708496E+00,+796.397013E-03
-610.400E-06,+1.341708496E+00,+793.783948E-03
-607.600E-06,+1.261306487E+00,+751.974903E-03
-604.800E-06,+1.261306487E+00,+710.165858E-03
-602.000E-06,+1.256281361E+00,+710.165858E-03
-599.200E-06,+1.180904478E+00,+668.356813E-03
-596.400E-06,+1.180904478E+00,+626.547769E-03
-593.600E-06,+1.180904478E+00,+587.351789E-03
-590.800E-06,+1.100502469E+00,+584.738724E-03
-588.000E-06,+1.020100459E+00,+542.929679E-03
-585.200E-06,+939.698450E-03,+501.120634E-03
-582.400E-06,+1.020100459E+00,+459.311590E-03
-579.600E-06,+939.698450E-03,+417.502545E-03
-576.800E-06,+939.698450E-03,+417.502545E-03
-574.000E-06,+859.296441E-03,+336.497521E-03
-571.200E-06,+854.271316E-03,+333.884455E-03
-568.400E-06,+778.894432E-03,+292.075410E-03
-565.600E-06,+698.492423E-03,+250.266366E-03
-562.800E-06,+698.492423E-03,+208.457321E-03
-560.000E-06,+693.467297E-03,+169.261341E-03
-557.200E-06,+618.090414E-03,+166.648276E-03
-554.400E-06,+618.090414E-03,+124.839231E-03
-551.600E-06,+537.688404E-03,+85.643252E-03
-548.800E-06,+532.663279E-03,+43.834207E-03
-546.000E-06,+457.286395E-03,+41.221142E-03
-543.200E-06,+457.286395E-03,+41.221142E-03
-540.400E-06,+376.884386E-03,+41.221142E-03
-537.600E-06,+376.884386E-03,-587.903E-06
-534.800E-06,+296.482377E-03,-587.903E-06
-532.000E-06,+216.080368E-03,-39.783882E-03
-529.200E-06,+216.080368E-03,-587.903E-06
-526.400E-06,+211.055242E-03,-587.903E-06
-523.600E-06,+55.276349E-03,-587.903E-06
-520.800E-06,+55.276349E-03,-42.396948E-03
-518.000E-06,+55.276349E-03,-587.903E-06
-515.200E-06,-25.125660E-03,-587.903E-06
-512.400E-06,-25.125660E-03,-42.396948E-03
-509.600E-06,-105.527669E-03,-39.783882E-03
-506.800E-06,-185.929678E-03,+41.221142E-03
-504.000E-06,-185.929678E-03,-587.903E-06
-501.200E-06,-185.929678E-03,-587.903E-06
-498.400E-06,-266.331688E-03,-39.783882E-03
-495.600E-06,-346.733697E-03,-587.903E-06
-492.800E-06,-346.733697E-03,-587.903E-06
-490.000E-06,-427.135706E-03,-39.783882E-03
-487.200E-06,-507.537715E-03,-39.783882E-03
-484.400E-06,-507.537715E-03,-39.783882E-03
-481.600E-06,-512.562841E-03,-587.903E-06
-478.800E-06,-587.939724E-03,-587.903E-06
-476.000E-06,-668.341734E-03,-587.903E-06
-473.200E-06,-668.341734E-03,-587.903E-06
-470.400E-06,-748.743743E-03,-587.903E-06
-467.600E-06,-748.743743E-03,-587.903E-06
-464.800E-06,-748.743743E-03,-587.903E-06
-462.000E-06,-829.145752E-03,-587.903E-06
-459.200E-06,-909.547761E-03,-587.903E-06
-456.400E-06,-909.547761E-03,-587.903E-06
-453.600E-06,-989.949770E-03,-587.903E-06
-450.800E-06,-989.949770E-03,-39.783882E-03
-448.000E-06,-989.949770E-03,-587.903E-06
-445.200E-06,-1.070351779E+00,-587.903E-06
-442.400E-06,-1.150753789E+00,-587.903E-06
-439.600E-06,-1.150753789E+00,-587.903E-06
-436.800E-06,-1.150753789E+00,-587.903E-06
-434.000E-06,-1.231155798E+00,-42.396948E-03
-431.200E-06,-1.236180923E+00,-587.903E-06
-428.400E-06,-1.311557807E+00,-39.783882E-03
-425.600E-06,-1.311557807E+00,-587.903E-06
-422.800E-06,-1.391959816E+00,-587.903E-06
-420.000E-06,-1.472361825E+00,-587.903E-06
-417.200E-06,-1.472361825E+00,-39.783882E-03
-414.400E-06,-1.472361825E+00,-587.903E-06
-411.600E-06,-1.552763835E+00,-587.903E-06
-408.800E-06,-1.557788960E+00,-587.903E-06
-406.000E-06,-1.557788960E+00,-587.903E-06
-403.200E-06,-1.633165844E+00,-587.903E-06
-400.400E-06,-1.713567853E+00,-587.903E-06
-397.600E-06,-1.713567853E+00,-39.783882E-03
-394.800E-06,-1.793969862E+00,-587.903E-06
-392.000E-06,-1.793969862E+00,-587.903E-06
-389.200E-06,-1.874371871E+00,-587.903E-06
-386.400E-06,-1.874371871E+00,-587.903E-06
-383.600E-06,-1.874371871E+00,-587.903E-06
-380.800E-06,-1.874371871E+00,-587.903E-06
-378.000E-06,-1.954773881E+00,-587.903E-06
-375.200E-06,-1.954773881E+00,-587.903E-06
-372.400E-06,-1.959799006E+00,-587.903E-06
-369.600E-06,-1.959799006E+00,-39.783882E-03
-366.800E-06,-2.035175890E+00,-587.903E-06
-364.000E-06,-2.035175890E+00,-587.903E-06
-361.200E-06,-2.115577899E+00,-42.396948E-03
-358.400E-06,-2.115577899E+00,-587.903E-06
-355.600E-06,-2.115577899E+00,-587.903E-06
-352.800E-06,-2.115577899E+00,-587.903E-06
-350.000E-06,-2.195979908E+00,+2.025162E-03
-347.200E-06,-2.195979908E+00,-39.783882E-03
-344.400E-06,-2.276381917E+00,-587.903E-06
-341.600E-06,-2.276381917E+00,-587.903E-06
-338.800E-06,-2.276381917E+00,-39.783882E-03
-336.000E-06,-2.276381917E+00,-39.783882E-03
-333.200E-06,-2.276381917E+00,-587.903E-06
-330.400E-06,-2.356783926E+00,-587.903E-06
-327.600E-06,-2.356783926E+00,-39.783882E-03
-324.800E-06,-2.356783926E+00,-587.903E-06
-322.000E-06,-2.356783926E+00,-587.903E-06
-319.200E-06,-2.356783926E+00,-587.903E-06
-316.400E-06,-2.356783926E+00,-587.903E-06
-313.600E-06,-2.437185936E+00,-587.903E-06
-310.800E-06,-2.437185936E+00,-587.903E-06
-308.000E-06,-2.437185936E+00,-587.903E-06
-305.200E-06,-2.437185936E+00,-587.903E-06
-302.400E-06,-2.442211061E+00,-587.903E-06
-299.600E-06,-2.517587945E+00,-587.903E-06
-296.800E-06,-2.517587945E+00,-587.903E-06
-294.000E-06,-2.517587945E+00,-39.783882E-03
-291.200E-06,-2.517587945E+00,-39.783882E-03
-288.400E-06,-2.517587945E+00,-39.783882E-03
-285.600E-06,-2.517587945E+00,-587.903E-06
-282.800E-06,-2.442211061E+00,-42.396948E-03
-280.000E-06,-2.517587945E+00,-39.783882E-03
-277.200E-06,-2.517587945E+00,-587.903E-06
-274.400E-06,-2.517587945E+00,-587.903E-06
-271.600E-06,-2.517587945E+00,-587.903E-06
-268.800E-06,-2.517587945E+00,-587.903E-06
-266.000E-06,-2.517587945E+00,-587.903E-06
-263.200E-06,-2.517587945E+00,-587.903E-06
-260.400E-06,-2.522613070E+00,-587.903E-06
-257.600E-06,-2.517587945E+00,-39.783882E-03
-254.800E-06,-2.517587945E+00,-587.903E-06
-252.000E-06,-2.522613070E+00,-39.783882E-03
-249.200E-06,-2.517587945E+00,-587.903E-06
-246.400E-06,-2.517587945E+00,-587.903E-06
-243.600E-06,-2.517587945E+00,-39.783882E-03
-240.800E-06,-2.517587945E+00,-587.903E-06
-238.000E-06,-2.517587945E+00,-587.903E-06
-235.200E-06,-2.517587945E+00,-587.903E-06
-232.400E-06,-2.517587945E+00,-587.903E-06
-229.600E-06,-2.517587945E+00,-587.903E-06
-226.800E-06,-2.517587945E+00,-587.903E-06
-224.000E-06,-2.517587945E+00,-587.903E-06
-221.200E-06,-2.437185936E+00,-587.903E-06
-218.400E-06,-2.517587945E+00,-587.903E-06
-215.600E-06,-2.437185936E+00,-587.903E-06
-212.800E-06,-2.437185936E+00,-587.903E-06
-210.000E-06,-2.437185936E+00,-587.903E-06
-207.200E-06,-2.437185936E+00,-587.903E-06
-204.400E-06,-2.356783926E+00,-587.903E-06
-201.600E-06,-2.356783926E+00,-587.903E-06
-198.800E-06,-2.356783926E+00,-587.903E-06
-196.000E-06,-2.356783926E+00,-587.903E-06
-193.200E-06,-2.356783926E+00,-587.903E-06
-190.400E-06,-2.276381917E+00,-587.903E-06
-187.600E-06,-2.276381917E+00,-587.903E-06
-184.800E-06,-2.276381917E+00,-39.783882E-03
-182.000E-06,-2.276381917E+00,-587.903E-06
-179.200E-06,-2.195979908E+00,-587.903E-06
-176.400E-06,-2.195979908E+00,-587.903E-06
-173.600E-06,-2.195979908E+00,-39.783882E-03
-170.800E-06,-2.115577899E+00,-587.903E-06
-168.000E-06,-2.120603024E+00,-587.903E-06
-165.200E-06,-2.115577899E+00,-39.783882E-03
-162.400E-06,-2.115577899E+00,-587.903E-06
-159.600E-06,-2.035175890E+00,-587.903E-06
-156.800E-06,-2.035175890E+00,-587.903E-06
-154.000E-06,-1.959799006E+00,-587.903E-06
-151.200E-06,-1.954773881E+00,-39.783882E-03
-148.400E-06,-1.954773881E+00,-587.903E-06
-145.600E-06,-1.874371871E+00,-587.903E-06
-142.800E-06,-1.874371871E+00,-587.903E-06
-140.000E-06,-1.798994988E+00,-587.903E-06
-137.200E-06,-1.793969862E+00,-587.903E-06
-134.400E-06,-1.793969862E+00,-587.903E-06
-131.600E-06,-1.793969862E+00,-587.903E-06
-128.800E-06,-1.713567853E+00,-587.903E-06
-126.000E-06,-1.713567853E+00,-587.903E-06
-123.200E-06,-1.633165844E+00,-587.903E-06
-120.400E-06,-1.633165844E+00,-587.903E-06
-117.600E-06,-1.552763835E+00,-42.396948E-03
-114.800E-06,-1.552763835E+00,-587.903E-06
-112.000E-06,-1.552763835E+00,-587.903E-06
-109.200E-06,-1.472361825E+00,-587.903E-06
-106.400E-06,-1.391959816E+00,-587.903E-06
-103.600E-06,-1.396984942E+00,-42.396948E-03
-100.800E-06,-1.391959816E+00,-42.396948E-03
-98.000E-06,-1.311557807E+00,-587.903E-06
-95.200E-06,-1.311557807E+00,-587.903E-06
-92.400E-06,-1.236180923E+00,-39.783882E-03
-89.600E-06,-1.155778914E+00,-587.903E-06
-86.800E-06,-1.150753789E+00,-587.903E-06
-84.000E-06,-1.150753789E+00,-587.903E-06
-81.200E-06,-1.070351779E+00,-587.903E-06
-78.400E-06,-1.070351779E+00,-587.903E-06
-75.600E-06,-989.949770E-03,-587.903E-06
-72.800E-06,-989.949770E-03,-587.903E-06
-70.000E-06,-909.547761E-03,-39.783882E-03
-67.200E-06,-909.547761E-03,-587.903E-06
-64.400E-06,-909.547761E-03,-587.903E-06
-61.600E-06,-829.145752E-03,-587.903E-06
-58.800E-06,-748.743743E-03,-42.396948E-03
-56.000E-06,-748.743743E-03,-587.903E-06
-53.200E-06,-668.341734E-03,-587.903E-06
-50.400E-06,-668.341734E-03,-587.903E-06
-47.600E-06,-587.939724E-03,+41.221142E-03
-44.800E-06,-587.939724E-03,-587.903E-06
-42.000E-06,-507.537715E-03,-587.903E-06
-39.200E-06,-432.160832E-03,-587.903E-06
-36.400E-06,-427.135706E-03,-587.903E-06
-33.600E-06,-346.733697E-03,-587.903E-06
-30.800E-06,-346.733697E-03,-587.903E-06
-28.000E-06,-271.356813E-03,-587.903E-06
-25.200E-06,-266.331688E-03,-587.903E-06
-22.400E-06,-185.929678E-03,-587.903E-06
-19.600E-06,-110.552795E-03,-587.903E-06
-16.800E-06,-105.527669E-03,-587.903E-06
-14.000E-06,-105.527669E-03,-587.903E-06
-11.200E-06,-25.125660E-03,-587.903E-06
-8.400E-06,+50.251224E-03,-39.783882E-03
-5.600E-06,+55.276349E-03,-587.903E-06
-2.800E-06,+55.276349E-03,-42.396948E-03
-0.0E+00,+135.678358E-03,-587.903E-06
+2.800E-06,+216.080368E-03,-587.903E-06
+5.600E-06,+216.080368E-03,-39.783882E-03
+8.400E-06,+216.080368E-03,-587.903E-06
+11.200E-06,+376.884386E-03,-587.903E-06
+14.000E-06,+376.884386E-03,-587.903E-06
+16.800E-06,+376.884386E-03,-587.903E-06
+19.600E-06,+457.286395E-03,-587.903E-06
+22.400E-06,+457.286395E-03,+41.221142E-03
+25.200E-06,+537.688404E-03,+41.221142E-03
+28.000E-06,+537.688404E-03,+83.030187E-03
+30.800E-06,+618.090414E-03,+124.839231E-03
+33.600E-06,+618.090414E-03,+166.648276E-03
+36.400E-06,+698.492423E-03,+166.648276E-03
+39.200E-06,+698.492423E-03,+208.457321E-03
+42.000E-06,+778.894432E-03,+250.266366E-03
+44.800E-06,+854.271316E-03,+252.879431E-03
+47.600E-06,+859.296441E-03,+294.688476E-03
+50.400E-06,+859.296441E-03,+333.884455E-03
+53.200E-06,+939.698450E-03,+375.693500E-03
+56.000E-06,+939.698450E-03,+417.502545E-03
+58.800E-06,+1.020100459E+00,+417.502545E-03
+61.600E-06,+1.020100459E+00,+459.311590E-03
+64.400E-06,+1.095477343E+00,+501.120634E-03
+67.200E-06,+1.100502469E+00,+542.929679E-03
+70.000E-06,+1.175879352E+00,+542.929679E-03
+72.800E-06,+1.180904478E+00,+584.738724E-03
+75.600E-06,+1.180904478E+00,+626.547769E-03
+78.400E-06,+1.261306487E+00,+629.160834E-03
+81.200E-06,+1.261306487E+00,+710.165858E-03
+84.000E-06,+1.341708496E+00,+751.974903E-03
+86.800E-06,+1.341708496E+00,+793.783948E-03
+89.600E-06,+1.341708496E+00,+793.783948E-03
+92.400E-06,+1.422110505E+00,+835.592993E-03
+95.200E-06,+1.497487389E+00,+877.402037E-03
+98.000E-06,+1.502512515E+00,+877.402037E-03
+100.800E-06,+1.502512515E+00,+919.211082E-03
+103.600E-06,+1.502512515E+00,+961.020127E-03
+106.400E-06,+1.582914524E+00,+961.020127E-03
+109.200E-06,+1.582914524E+00,+1.044638216E+00
+112.000E-06,+1.658291407E+00,+1.044638216E+00
+114.800E-06,+1.663316533E+00,+1.086447261E+00
+117.600E-06,+1.663316533E+00,+1.086447261E+00
+120.400E-06,+1.663316533E+00,+1.128256306E+00
+123.200E-06,+1.743718542E+00,+1.170065351E+00
+126.000E-06,+1.743718542E+00,+1.170065351E+00
+128.800E-06,+1.824120551E+00,+1.211874396E+00
+131.600E-06,+1.824120551E+00,+1.253683440E+00
+134.400E-06,+1.824120551E+00,+1.253683440E+00
+137.200E-06,+1.899497435E+00,+1.256296506E+00
+140.000E-06,+1.904522561E+00,+1.337301530E+00
+142.800E-06,+1.904522561E+00,+1.337301530E+00
+145.600E-06,+1.904522561E+00,+1.337301530E+00
+148.400E-06,+1.984924570E+00,+1.379110575E+00
+151.200E-06,+1.984924570E+00,+1.379110575E+00
+154.000E-06,+1.984924570E+00,+1.420919620E+00
+156.800E-06,+1.984924570E+00,+1.462728664E+00
+159.600E-06,+2.065326579E+00,+1.462728664E+00
+162.400E-06,+2.065326579E+00,+1.462728664E+00
+165.200E-06,+2.065326579E+00,+1.504537709E+00
+168.000E-06,+2.140703463E+00,+1.504537709E+00
+170.800E-06,+2.145728588E+00,+1.546346754E+00
+173.600E-06,+2.145728588E+00,+1.546346754E+00
+176.400E-06,+2.145728588E+00,+1.588155799E+00
+179.200E-06,+2.221105472E+00,+1.588155799E+00
+182.000E-06,+2.145728588E+00,+1.588155799E+00
+184.800E-06,+2.226130597E+00,+1.590768864E+00
+187.600E-06,+2.226130597E+00,+1.590768864E+00
+190.400E-06,+2.226130597E+00,+1.629964843E+00
+193.200E-06,+2.226130597E+00,+1.629964843E+00
+196.000E-06,+2.226130597E+00,+1.632577909E+00
+198.800E-06,+2.306532606E+00,+1.671773888E+00
+201.600E-06,+2.226130597E+00,+1.671773888E+00
+204.400E-06,+2.306532606E+00,+1.671773888E+00
+207.200E-06,+2.226130597E+00,+1.713582933E+00
+210.000E-06,+2.306532606E+00,+1.713582933E+00
+212.800E-06,+2.306532606E+00,+1.713582933E+00
+215.600E-06,+2.306532606E+00,+1.713582933E+00
+218.400E-06,+2.306532606E+00,+1.716195998E+00
+221.200E-06,+2.306532606E+00,+1.755391978E+00
+224.000E-06,+2.306532606E+00,+1.713582933E+00
+226.800E-06,+2.306532606E+00,+1.755391978E+00
+229.600E-06,+2.381909490E+00,+1.716195998E+00
+232.400E-06,+2.381909490E+00,+1.755391978E+00
+235.200E-06,+2.381909490E+00,+1.755391978E+00
+238.000E-06,+2.306532606E+00,+1.755391978E+00
+240.800E-06,+2.381909490E+00,+1.755391978E+00
+243.600E-06,+2.306532606E+00,+1.755391978E+00
+246.400E-06,+2.306532606E+00,+1.713582933E+00
+249.200E-06,+2.306532606E+00,+1.755391978E+00
+252.000E-06,+2.306532606E+00,+1.755391978E+00
+254.800E-06,+2.306532606E+00,+1.755391978E+00
+257.600E-06,+2.306532606E+00,+1.716195998E+00
+260.400E-06,+2.306532606E+00,+1.713582933E+00
+263.200E-06,+2.306532606E+00,+1.713582933E+00
+266.000E-06,+2.301507481E+00,+1.713582933E+00
+268.800E-06,+2.226130597E+00,+1.674386953E+00
+271.600E-06,+2.306532606E+00,+1.674386953E+00
+274.400E-06,+2.226130597E+00,+1.674386953E+00
+277.200E-06,+2.226130597E+00,+1.674386953E+00
+280.000E-06,+2.226130597E+00,+1.632577909E+00
+282.800E-06,+2.226130597E+00,+1.671773888E+00
+285.600E-06,+2.226130597E+00,+1.629964843E+00
+288.400E-06,+2.226130597E+00,+1.629964843E+00
+291.200E-06,+2.145728588E+00,+1.590768864E+00
+294.000E-06,+2.145728588E+00,+1.629964843E+00
+296.800E-06,+2.145728588E+00,+1.588155799E+00
+299.600E-06,+2.145728588E+00,+1.588155799E+00
+302.400E-06,+2.140703463E+00,+1.588155799E+00
+305.200E-06,+2.065326579E+00,+1.546346754E+00
+308.000E-06,+2.065326579E+00,+1.504537709E+00
+310.800E-06,+2.065326579E+00,+1.504537709E+00
+313.600E-06,+2.065326579E+00,+1.465341730E+00
+316.400E-06,+2.060301453E+00,+1.462728664E+00
+319.200E-06,+1.984924570E+00,+1.423532685E+00
+322.000E-06,+1.984924570E+00,+1.420919620E+00
+324.800E-06,+1.984924570E+00,+1.379110575E+00
+327.600E-06,+1.904522561E+00,+1.379110575E+00
+330.400E-06,+1.984924570E+00,+1.379110575E+00
+333.200E-06,+1.904522561E+00,+1.337301530E+00
+336.000E-06,+1.904522561E+00,+1.337301530E+00
+338.800E-06,+1.824120551E+00,+1.295492485E+00
+341.600E-06,+1.824120551E+00,+1.256296506E+00
+344.400E-06,+1.824120551E+00,+1.253683440E+00
+347.200E-06,+1.743718542E+00,+1.253683440E+00
+350.000E-06,+1.743718542E+00,+1.172678416E+00
+352.800E-06,+1.743718542E+00,+1.170065351E+00
+355.600E-06,+1.743718542E+00,+1.128256306E+00
+358.400E-06,+1.663316533E+00,+1.086447261E+00
+361.200E-06,+1.663316533E+00,+1.086447261E+00
+364.000E-06,+1.658291407E+00,+1.044638216E+00
+366.800E-06,+1.582914524E+00,+1.044638216E+00
+369.600E-06,+1.582914524E+00,+1.002829172E+00
+372.400E-06,+1.502512515E+00,+961.020127E-03
+375.200E-06,+1.502512515E+00,+961.020127E-03
+378.000E-06,+1.422110505E+00,+919.211082E-03
+380.800E-06,+1.422110505E+00,+919.211082E-03
+383.600E-06,+1.422110505E+00,+877.402037E-03
+386.400E-06,+1.341708496E+00,+835.592993E-03
+389.200E-06,+1.261306487E+00,+793.783948E-03
+392.000E-06,+1.336683371E+00,+751.974903E-03
+394.800E-06,+1.261306487E+00,+710.165858E-03
+397.600E-06,+1.261306487E+00,+670.969879E-03
+400.400E-06,+1.180904478E+00,+668.356813E-03
+403.200E-06,+1.180904478E+00,+626.547769E-03
+406.000E-06,+1.100502469E+00,+584.738724E-03
+408.800E-06,+1.100502469E+00,+584.738724E-03
+411.600E-06,+1.095477343E+00,+542.929679E-03
+414.400E-06,+1.020100459E+00,+501.120634E-03
+417.200E-06,+939.698450E-03,+459.311590E-03
+420.000E-06,+939.698450E-03,+417.502545E-03
+422.800E-06,+939.698450E-03,+417.502545E-03
+425.600E-06,+859.296441E-03,+375.693500E-03
+428.400E-06,+859.296441E-03,+294.688476E-03
+431.200E-06,+778.894432E-03,+292.075410E-03
+434.000E-06,+778.894432E-03,+292.075410E-03
+436.800E-06,+698.492423E-03,+250.266366E-03
+439.600E-06,+698.492423E-03,+169.261341E-03
+442.400E-06,+618.090414E-03,+166.648276E-03
+445.200E-06,+537.688404E-03,+127.452297E-03
+448.000E-06,+537.688404E-03,+85.643252E-03
+450.800E-06,+457.286395E-03,+43.834207E-03
+453.600E-06,+457.286395E-03,+41.221142E-03
+456.400E-06,+457.286395E-03,+2.025162E-03
+459.200E-06,+376.884386E-03,-587.903E-06
+462.000E-06,+371.859260E-03,-587.903E-06
+464.800E-06,+296.482377E-03,-587.903E-06
+467.600E-06,+291.457251E-03,-587.903E-06
+470.400E-06,+216.080368E-03,-587.903E-06
+473.200E-06,+135.678358E-03,-587.903E-06
+476.000E-06,+55.276349E-03,-39.783882E-03
+478.800E-06,+55.276349E-03,-587.903E-06
+481.600E-06,+55.276349E-03,-587.903E-06
+484.400E-06,-25.125660E-03,-587.903E-06
+487.200E-06,-25.125660E-03,-39.783882E-03
+490.000E-06,-105.527669E-03,-587.903E-06
+492.800E-06,-105.527669E-03,-587.903E-06
+495.600E-06,-185.929678E-03,-587.903E-06
+498.400E-06,-266.331688E-03,-587.903E-06
+501.200E-06,-266.331688E-03,-587.903E-06
+504.000E-06,-271.356813E-03,-587.903E-06
+506.800E-06,-346.733697E-03,-587.903E-06
+509.600E-06,-351.758822E-03,-587.903E-06
+512.400E-06,-427.135706E-03,-42.396948E-03
+515.200E-06,-507.537715E-03,-39.783882E-03
+518.000E-06,-507.537715E-03,-39.783882E-03
+520.800E-06,-587.939724E-03,-587.903E-06
+523.600E-06,-587.939724E-03,-587.903E-06
+526.400E-06,-668.341734E-03,-587.903E-06
+529.200E-06,-673.366859E-03,-587.903E-06
+532.000E-06,-748.743743E-03,-587.903E-06
+534.800E-06,-829.145752E-03,-587.903E-06
+537.600E-06,-829.145752E-03,-587.903E-06
+540.400E-06,-909.547761E-03,-587.903E-06
+543.200E-06,-909.547761E-03,-587.903E-06
+546.000E-06,-989.949770E-03,-42.396948E-03
+548.800E-06,-989.949770E-03,-587.903E-06
+551.600E-06,-989.949770E-03,-587.903E-06
+554.400E-06,-1.070351779E+00,-587.903E-06
+557.200E-06,-1.150753789E+00,-587.903E-06
+560.000E-06,-1.150753789E+00,-587.903E-06
+562.800E-06,-1.231155798E+00,-587.903E-06
+565.600E-06,-1.231155798E+00,-39.783882E-03
+568.400E-06,-1.311557807E+00,-587.903E-06
+571.200E-06,-1.311557807E+00,-587.903E-06
+574.000E-06,-1.311557807E+00,-587.903E-06
+576.800E-06,-1.391959816E+00,-42.396948E-03
+579.600E-06,-1.472361825E+00,-39.783882E-03
+582.400E-06,-1.472361825E+00,-39.783882E-03
+585.200E-06,-1.472361825E+00,-587.903E-06
+588.000E-06,-1.552763835E+00,-39.783882E-03
+590.800E-06,-1.552763835E+00,-587.903E-06
+593.600E-06,-1.552763835E+00,-587.903E-06
+596.400E-06,-1.633165844E+00,-587.903E-06
+599.200E-06,-1.633165844E+00,-587.903E-06
+602.000E-06,-1.633165844E+00,-587.903E-06
+604.800E-06,-1.713567853E+00,-587.903E-06
+607.600E-06,-1.793969862E+00,-39.783882E-03
+610.400E-06,-1.793969862E+00,-39.783882E-03
+613.200E-06,-1.874371871E+00,-587.903E-06
+616.000E-06,-1.874371871E+00,-587.903E-06
+618.800E-06,-1.954773881E+00,-587.903E-06
+621.600E-06,-1.874371871E+00,-39.783882E-03
+624.400E-06,-1.954773881E+00,-587.903E-06
+627.200E-06,-1.954773881E+00,-587.903E-06
+630.000E-06,-2.035175890E+00,-39.783882E-03
+632.800E-06,-2.035175890E+00,-39.783882E-03
+635.600E-06,-2.035175890E+00,-587.903E-06
+638.400E-06,-2.115577899E+00,-587.903E-06
+641.200E-06,-2.115577899E+00,-587.903E-06
+644.000E-06,-2.115577899E+00,-39.783882E-03
+646.800E-06,-2.195979908E+00,-39.783882E-03
+649.600E-06,-2.195979908E+00,-587.903E-06
+652.400E-06,-2.195979908E+00,-587.903E-06
+655.200E-06,-2.276381917E+00,-587.903E-06
+658.000E-06,-2.195979908E+00,-587.903E-06
+660.800E-06,-2.276381917E+00,-587.903E-06
+663.600E-06,-2.276381917E+00,-587.903E-06
+666.400E-06,-2.276381917E+00,-587.903E-06
+669.200E-06,-2.276381917E+00,-587.903E-06
+672.000E-06,-2.356783926E+00,-587.903E-06
+674.800E-06,-2.356783926E+00,-587.903E-06
+677.600E-06,-2.356783926E+00,-587.903E-06
+680.400E-06,-2.356783926E+00,-39.783882E-03
+683.200E-06,-2.437185936E+00,-587.903E-06
+686.000E-06,-2.361809052E+00,-587.903E-06
+688.800E-06,-2.437185936E+00,-39.783882E-03
+691.600E-06,-2.437185936E+00,-587.903E-06
+694.400E-06,-2.437185936E+00,-39.783882E-03
+697.200E-06,-2.437185936E+00,-587.903E-06
+700.000E-06,-2.517587945E+00,-587.903E-06
+702.800E-06,-2.442211061E+00,-587.903E-06
+705.600E-06,-2.517587945E+00,-587.903E-06
+708.400E-06,-2.517587945E+00,-587.903E-06
+711.200E-06,-2.517587945E+00,-587.903E-06
+714.000E-06,-2.442211061E+00,-587.903E-06
+716.800E-06,-2.517587945E+00,-587.903E-06
+719.600E-06,-2.517587945E+00,-587.903E-06
+722.400E-06,-2.517587945E+00,-587.903E-06
+725.200E-06,-2.517587945E+00,-587.903E-06
+728.000E-06,-2.597989954E+00,-587.903E-06
+730.800E-06,-2.522613070E+00,-39.783882E-03
+733.600E-06,-2.597989954E+00,-587.903E-06
+736.400E-06,-2.597989954E+00,-587.903E-06
+739.200E-06,-2.597989954E+00,-587.903E-06
+742.000E-06,-2.517587945E+00,+41.221142E-03
+744.800E-06,-2.522613070E+00,-587.903E-06
+747.600E-06,-2.517587945E+00,-587.903E-06
+750.400E-06,-2.517587945E+00,-587.903E-06
+753.200E-06,-2.517587945E+00,-42.396948E-03
+756.000E-06,-2.517587945E+00,-587.903E-06
+758.800E-06,-2.517587945E+00,-39.783882E-03
+761.600E-06,-2.517587945E+00,-587.903E-06
+764.400E-06,-2.517587945E+00,-587.903E-06
+767.200E-06,-2.517587945E+00,-587.903E-06
+770.000E-06,-2.517587945E+00,-587.903E-06
+772.800E-06,-2.517587945E+00,-587.903E-06
+775.600E-06,-2.517587945E+00,-587.903E-06
+778.400E-06,-2.517587945E+00,-587.903E-06
+781.200E-06,-2.437185936E+00,-587.903E-06
+784.000E-06,-2.437185936E+00,-587.903E-06
+786.800E-06,-2.437185936E+00,-39.783882E-03
+789.600E-06,-2.437185936E+00,-587.903E-06
+792.400E-06,-2.361809052E+00,-39.783882E-03
+795.200E-06,-2.356783926E+00,-587.903E-06
+798.000E-06,-2.356783926E+00,-587.903E-06
+800.800E-06,-2.356783926E+00,-587.903E-06
+803.600E-06,-2.356783926E+00,-587.903E-06
+806.400E-06,-2.356783926E+00,-587.903E-06
+809.200E-06,-2.356783926E+00,-587.903E-06
+812.000E-06,-2.276381917E+00,-587.903E-06
+814.800E-06,-2.276381917E+00,-587.903E-06
+817.600E-06,-2.201005034E+00,-587.903E-06
+820.400E-06,-2.195979908E+00,-587.903E-06
+823.200E-06,-2.195979908E+00,-587.903E-06
+826.000E-06,-2.195979908E+00,-39.783882E-03
+828.800E-06,-2.120603024E+00,-587.903E-06
+831.600E-06,-2.115577899E+00,-587.903E-06
+834.400E-06,-2.115577899E+00,-39.783882E-03
+837.200E-06,-2.115577899E+00,-587.903E-06
+840.000E-06,-2.115577899E+00,-587.903E-06
+842.800E-06,-2.035175890E+00,-587.903E-06
+845.600E-06,-1.954773881E+00,-587.903E-06
+848.400E-06,-1.954773881E+00,-39.783882E-03
+851.200E-06,-1.954773881E+00,-587.903E-06
+854.000E-06,-1.879396997E+00,-587.903E-06
+856.800E-06,-1.874371871E+00,-587.903E-06
+859.600E-06,-1.874371871E+00,-587.903E-06
+862.400E-06,-1.793969862E+00,-587.903E-06
+865.200E-06,-1.793969862E+00,-587.903E-06
+868.000E-06,-1.793969862E+00,-39.783882E-03
+870.800E-06,-1.713567853E+00,-587.903E-06
+873.600E-06,-1.713567853E+00,-587.903E-06
+876.400E-06,-1.638190969E+00,-587.903E-06
+879.200E-06,-1.633165844E+00,-39.783882E-03
+882.000E-06,-1.633165844E+00,-587.903E-06
+884.800E-06,-1.552763835E+00,-587.903E-06
+887.600E-06,-1.552763835E+00,-587.903E-06
+890.400E-06,-1.472361825E+00,-587.903E-06
+893.200E-06,-1.472361825E+00,-587.903E-06
+896.000E-06,-1.472361825E+00,-587.903E-06
+898.800E-06,-1.391959816E+00,-587.903E-06
+901.600E-06,-1.391959816E+00,-587.903E-06
+904.400E-06,-1.311557807E+00,-587.903E-06
+907.200E-06,-1.236180923E+00,-587.903E-06
+910.000E-06,-1.231155798E+00,-587.903E-06
+912.800E-06,-1.231155798E+00,-587.903E-06
+915.600E-06,-1.150753789E+00,-587.903E-06
+918.400E-06,-1.070351779E+00,-39.783882E-03
+921.200E-06,-1.070351779E+00,-587.903E-06
+924.000E-06,-1.070351779E+00,-587.903E-06
+926.800E-06,-989.949770E-03,-42.396948E-03
+929.600E-06,-909.547761E-03,-587.903E-06
+932.400E-06,-909.547761E-03,-39.783882E-03
+935.200E-06,-829.145752E-03,-587.903E-06
+938.000E-06,-829.145752E-03,-587.903E-06
+940.800E-06,-829.145752E-03,-587.903E-06
+943.600E-06,-748.743743E-03,-587.903E-06
+946.400E-06,-673.366859E-03,-587.903E-06
+949.200E-06,-668.341734E-03,-587.903E-06
+952.000E-06,-587.939724E-03,-587.903E-06
+954.800E-06,-587.939724E-03,-587.903E-06
+957.600E-06,-507.537715E-03,-587.903E-06
+960.400E-06,-507.537715E-03,-587.903E-06
+963.200E-06,-427.135706E-03,-587.903E-06
+966.000E-06,-346.733697E-03,-587.903E-06
+968.800E-06,-346.733697E-03,-587.903E-06
+971.600E-06,-346.733697E-03,-587.903E-06
+974.400E-06,-266.331688E-03,-587.903E-06
+977.200E-06,-185.929678E-03,-587.903E-06
+980.000E-06,-185.929678E-03,-39.783882E-03
+982.800E-06,-105.527669E-03,-587.903E-06
+985.600E-06,-105.527669E-03,-39.783882E-03
+988.400E-06,-25.125660E-03,-587.903E-06
+991.200E-06,-25.125660E-03,-587.903E-06
+994.000E-06,+55.276349E-03,-587.903E-06
+996.800E-06,+55.276349E-03,-587.903E-06
+999.600E-06,+135.678358E-03,-39.783882E-03
+1.002400E-03,+216.080368E-03,-587.903E-06
+1.005200E-03,+216.080368E-03,-587.903E-06
+1.008000E-03,+291.457251E-03,-587.903E-06
+1.010800E-03,+296.482377E-03,-39.783882E-03
+1.013600E-03,+376.884386E-03,-587.903E-06
+1.016400E-03,+376.884386E-03,-587.903E-06
+1.019200E-03,+457.286395E-03,-587.903E-06
+1.022000E-03,+532.663279E-03,+41.221142E-03
+1.024800E-03,+532.663279E-03,+41.221142E-03
+1.027600E-03,+537.688404E-03,+83.030187E-03
+1.030400E-03,+618.090414E-03,+124.839231E-03
+1.033200E-03,+618.090414E-03,+127.452297E-03
+1.036000E-03,+698.492423E-03,+166.648276E-03
+1.038800E-03,+773.869306E-03,+166.648276E-03
+1.041600E-03,+778.894432E-03,+211.070386E-03
+1.044400E-03,+854.271316E-03,+292.075410E-03
+1.047200E-03,+859.296441E-03,+292.075410E-03
+1.050000E-03,+859.296441E-03,+333.884455E-03
+1.052800E-03,+939.698450E-03,+375.693500E-03
+1.055600E-03,+939.698450E-03,+417.502545E-03
+1.058400E-03,+939.698450E-03,+417.502545E-03
+1.061200E-03,+1.095477343E+00,+501.120634E-03
+1.064000E-03,+1.020100459E+00,+501.120634E-03
+1.066800E-03,+1.100502469E+00,+542.929679E-03
+1.069600E-03,+1.175879352E+00,+584.738724E-03
+1.072400E-03,+1.180904478E+00,+584.738724E-03
+1.075200E-03,+1.180904478E+00,+626.547769E-03
+1.078000E-03,+1.256281361E+00,+668.356813E-03
+1.080800E-03,+1.261306487E+00,+670.969879E-03
+1.083600E-03,+1.261306487E+00,+751.974903E-03
+1.086400E-03,+1.341708496E+00,+793.783948E-03
+1.089200E-03,+1.341708496E+00,+793.783948E-03
+1.092000E-03,+1.422110505E+00,+835.592993E-03
+1.094800E-03,+1.422110505E+00,+877.402037E-03
+1.097600E-03,+1.502512515E+00,+880.015103E-03
+1.100400E-03,+1.502512515E+00,+961.020127E-03
+1.103200E-03,+1.502512515E+00,+961.020127E-03
+1.106000E-03,+1.502512515E+00,+1.002829172E+00
+1.108800E-03,+1.658291407E+00,+1.002829172E+00
+1.111600E-03,+1.658291407E+00,+1.044638216E+00
+1.114400E-03,+1.663316533E+00,+1.086447261E+00
+1.117200E-03,+1.663316533E+00,+1.086447261E+00
+1.120000E-03,+1.738693417E+00,+1.128256306E+00
+1.122800E-03,+1.743718542E+00,+1.170065351E+00
+1.125600E-03,+1.743718542E+00,+1.211874396E+00
+1.128400E-03,+1.743718542E+00,+1.211874396E+00
+1.131200E-03,+1.824120551E+00,+1.211874396E+00
+1.134000E-03,+1.824120551E+00,+1.253683440E+00
+1.136800E-03,+1.824120551E+00,+1.256296506E+00
+1.139600E-03,+1.904522561E+00,+1.295492485E+00
+1.142400E-03,+1.904522561E+00,+1.337301530E+00
+1.145200E-03,+1.904522561E+00,+1.337301530E+00
+1.148000E-03,+1.979899444E+00,+1.337301530E+00
+1.150800E-03,+1.984924570E+00,+1.379110575E+00
+1.153600E-03,+1.984924570E+00,+1.420919620E+00
+1.156400E-03,+1.984924570E+00,+1.420919620E+00
+1.159200E-03,+1.984924570E+00,+1.462728664E+00
+1.162000E-03,+2.065326579E+00,+1.462728664E+00
+1.164800E-03,+2.065326579E+00,+1.504537709E+00
+1.167600E-03,+2.140703463E+00,+1.504537709E+00
+1.170400E-03,+2.140703463E+00,+1.507150774E+00
+1.173200E-03,+2.140703463E+00,+1.588155799E+00
+1.176000E-03,+2.145728588E+00,+1.588155799E+00
+1.178800E-03,+2.145728588E+00,+1.548959819E+00
+1.181600E-03,+2.226130597E+00,+1.629964843E+00
+1.184400E-03,+2.145728588E+00,+1.590768864E+00
+1.187200E-03,+2.145728588E+00,+1.629964843E+00
+1.190000E-03,+2.226130597E+00,+1.629964843E+00
+1.192800E-03,+2.301507481E+00,+1.671773888E+00
+1.195600E-03,+2.226130597E+00,+1.632577909E+00
+1.198400E-03,+2.226130597E+00,+1.671773888E+00
+1.201200E-03,+2.306532606E+00,+1.671773888E+00
+1.204000E-03,+2.226130597E+00,+1.713582933E+00
+1.206800E-03,+2.306532606E+00,+1.674386953E+00
+1.209600E-03,+2.306532606E+00,+1.713582933E+00
+1.212400E-03,+2.306532606E+00,+1.713582933E+00
+1.215200E-03,+2.306532606E+00,+1.713582933E+00
+1.218000E-03,+2.306532606E+00,+1.713582933E+00
+1.220800E-03,+2.306532606E+00,+1.713582933E+00
+1.223600E-03,+2.306532606E+00,+1.755391978E+00
+1.226400E-03,+2.306532606E+00,+1.713582933E+00
+1.229200E-03,+2.306532606E+00,+1.716195998E+00
+1.232000E-03,+2.306532606E+00,+1.755391978E+00
+1.234800E-03,+2.381909490E+00,+1.755391978E+00
+1.237600E-03,+2.306532606E+00,+1.755391978E+00
+1.240400E-03,+2.306532606E+00,+1.716195998E+00
+1.243200E-03,+2.306532606E+00,+1.755391978E+00
+1.246000E-03,+2.306532606E+00,+1.716195998E+00
+1.248800E-03,+2.306532606E+00,+1.755391978E+00
+1.251600E-03,+2.306532606E+00,+1.713582933E+00
+1.254400E-03,+2.306532606E+00,+1.713582933E+00
+1.257200E-03,+2.306532606E+00,+1.713582933E+00
+1.260000E-03,+2.301507481E+00,+1.713582933E+00
+1.262800E-03,+2.301507481E+00,+1.713582933E+00
+1.265600E-03,+2.306532606E+00,+1.713582933E+00
+1.268400E-03,+2.306532606E+00,+1.713582933E+00
+1.271200E-03,+2.306532606E+00,+1.674386953E+00
+1.274000E-03,+2.226130597E+00,+1.674386953E+00
+1.276800E-03,+2.226130597E+00,+1.671773888E+00
+1.279600E-03,+2.226130597E+00,+1.671773888E+00
+1.282400E-03,+2.226130597E+00,+1.671773888E+00
+1.285200E-03,+2.226130597E+00,+1.629964843E+00
+1.288000E-03,+2.226130597E+00,+1.632577909E+00
+1.290800E-03,+2.226130597E+00,+1.629964843E+00
+1.293600E-03,+2.226130597E+00,+1.588155799E+00
+1.296400E-03,+2.145728588E+00,+1.588155799E+00
+1.299200E-03,+2.145728588E+00,+1.588155799E+00
+1.302000E-03,+2.140703463E+00,+1.588155799E+00
+1.304800E-03,+2.145728588E+00,+1.546346754E+00
+1.307600E-03,+2.145728588E+00,+1.546346754E+00
+1.310400E-03,+2.065326579E+00,+1.504537709E+00
+1.313200E-03,+2.065326579E+00,+1.462728664E+00
+1.316000E-03,+1.984924570E+00,+1.462728664E+00
+1.318800E-03,+1.984924570E+00,+1.462728664E+00
+1.321600E-03,+1.984924570E+00,+1.423532685E+00
+1.324400E-03,+1.984924570E+00,+1.420919620E+00
+1.327200E-03,+1.979899444E+00,+1.381723640E+00
+1.330000E-03,+1.904522561E+00,+1.379110575E+00
+1.332800E-03,+1.979899444E+00,+1.337301530E+00
+1.335600E-03,+1.904522561E+00,+1.295492485E+00
+1.338400E-03,+1.824120551E+00,+1.295492485E+00
+1.341200E-03,+1.899497435E+00,+1.256296506E+00
+1.344000E-03,+1.824120551E+00,+1.253683440E+00
+1.346800E-03,+1.824120551E+00,+1.253683440E+00
+1.349600E-03,+1.743718542E+00,+1.211874396E+00
+1.352400E-03,+1.743718542E+00,+1.170065351E+00
+1.355200E-03,+1.743718542E+00,+1.170065351E+00
+1.358000E-03,+1.663316533E+00,+1.128256306E+00
+1.360800E-03,+1.663316533E+00,+1.086447261E+00
+1.363600E-03,+1.582914524E+00,+1.086447261E+00
+1.366400E-03,+1.582914524E+00,+1.044638216E+00
+1.369200E-03,+1.582914524E+00,+1.002829172E+00
+1.372000E-03,+1.577889398E+00,+963.633192E-03
+1.374800E-03,+1.577889398E+00,+961.020127E-03
+1.377600E-03,+1.502512515E+00,+919.211082E-03
+1.380400E-03,+1.422110505E+00,+880.015103E-03
+1.383200E-03,+1.417085380E+00,+838.206058E-03
+1.386000E-03,+1.341708496E+00,+835.592993E-03
+1.388800E-03,+1.341708496E+00,+793.783948E-03
+1.391600E-03,+1.261306487E+00,+754.587968E-03
+1.394400E-03,+1.261306487E+00,+751.974903E-03
+1.397200E-03,+1.261306487E+00,+670.969879E-03
+1.400000E-03,+1.256281361E+00,+668.356813E-03
+1.402800E-03,+1.180904478E+00,+668.356813E-03
+1.405600E-03,+1.100502469E+00,+584.738724E-03
+1.408400E-03,+1.100502469E+00,+584.738724E-03
+1.411200E-03,+1.020100459E+00,+542.929679E-03
+1.414000E-03,+1.020100459E+00,+542.929679E-03
+1.416800E-03,+939.698450E-03,+459.311590E-03
+1.419600E-03,+939.698450E-03,+417.502545E-03
+1.422400E-03,+859.296441E-03,+417.502545E-03
+1.425200E-03,+859.296441E-03,+375.693500E-03
+1.428000E-03,+778.894432E-03,+333.884455E-03
+1.430800E-03,+778.894432E-03,+292.075410E-03
+1.433600E-03,+778.894432E-03,+250.266366E-03
+1.436400E-03,+698.492423E-03,+250.266366E-03
+1.439200E-03,+698.492423E-03,+208.457321E-03
+1.442000E-03,+618.090414E-03,+127.452297E-03
+1.444800E-03,+618.090414E-03,+124.839231E-03
+1.447600E-03,+537.688404E-03,+85.643252E-03
+1.450400E-03,+537.688404E-03,+83.030187E-03
+1.453200E-03,+457.286395E-03,+41.221142E-03
+1.456000E-03,+376.884386E-03,+41.221142E-03
+1.458800E-03,+376.884386E-03,+2.025162E-03
+1.461600E-03,+376.884386E-03,-587.903E-06
+1.464400E-03,+296.482377E-03,-587.903E-06
+1.467200E-03,+216.080368E-03,-587.903E-06
+1.470000E-03,+216.080368E-03,-587.903E-06
+1.472800E-03,+135.678358E-03,-587.903E-06
+1.475600E-03,+135.678358E-03,-587.903E-06
+1.478400E-03,+55.276349E-03,-587.903E-06
+1.481200E-03,+55.276349E-03,-587.903E-06
+1.484000E-03,+50.251224E-03,-42.396948E-03
+1.486800E-03,-25.125660E-03,-587.903E-06
+1.489600E-03,-105.527669E-03,-587.903E-06
+1.492400E-03,-105.527669E-03,-587.903E-06
+1.495200E-03,-185.929678E-03,-587.903E-06
+1.498000E-03,-190.954804E-03,-39.783882E-03
+1.500800E-03,-266.331688E-03,-587.903E-06
+1.503600E-03,-346.733697E-03,-587.903E-06
+1.506400E-03,-346.733697E-03,-587.903E-06
+1.509200E-03,-427.135706E-03,-587.903E-06
+1.512000E-03,-432.160832E-03,-587.903E-06
+1.514800E-03,-507.537715E-03,-587.903E-06
+1.517600E-03,-507.537715E-03,-587.903E-06
+1.520400E-03,-587.939724E-03,-587.903E-06
+1.523200E-03,-587.939724E-03,-39.783882E-03
+1.526000E-03,-668.341734E-03,-587.903E-06
+1.528800E-03,-748.743743E-03,-587.903E-06
+1.531600E-03,-748.743743E-03,-587.903E-06
+1.534400E-03,-829.145752E-03,-587.903E-06
+1.537200E-03,-829.145752E-03,-39.783882E-03
+1.540000E-03,-829.145752E-03,-587.903E-06
+1.542800E-03,-909.547761E-03,-587.903E-06
+1.545600E-03,-989.949770E-03,-587.903E-06
+1.548400E-03,-989.949770E-03,-587.903E-06
+1.551200E-03,-994.974896E-03,-587.903E-06
+1.554000E-03,-1.070351779E+00,-39.783882E-03
+1.556800E-03,-1.150753789E+00,-587.903E-06
+1.559600E-03,-1.150753789E+00,-587.903E-06
+1.562400E-03,-1.150753789E+00,-587.903E-06
+1.565200E-03,-1.231155798E+00,-587.903E-06
+1.568000E-03,-1.311557807E+00,-587.903E-06
+1.570800E-03,-1.311557807E+00,-587.903E-06
+1.573600E-03,-1.311557807E+00,-587.903E-06
+1.576400E-03,-1.391959816E+00,-39.783882E-03
+1.579200E-03,-1.472361825E+00,-587.903E-06
+1.582000E-03,-1.396984942E+00,-587.903E-06
+1.584800E-03,-1.472361825E+00,-587.903E-06
+1.587600E-03,-1.477386951E+00,-587.903E-06
+1.590400E-03,-1.552763835E+00,-587.903E-06
+1.593200E-03,-1.557788960E+00,-587.903E-06
+1.596000E-03,-1.633165844E+00,-587.903E-06
+1.598800E-03,-1.633165844E+00,-39.783882E-03
+1.601600E-03,-1.713567853E+00,-587.903E-06
+1.604400E-03,-1.713567853E+00,-42.396948E-03
+1.607200E-03,-1.793969862E+00,-587.903E-06
+1.610000E-03,-1.793969862E+00,-587.903E-06
+1.612800E-03,-1.798994988E+00,-587.903E-06
+1.615600E-03,-1.874371871E+00,-587.903E-06
+1.618400E-03,-1.874371871E+00,-587.903E-06
+1.621200E-03,-1.879396997E+00,-587.903E-06
+1.624000E-03,-1.954773881E+00,-587.903E-06
+1.626800E-03,-2.035175890E+00,-587.903E-06
+1.629600E-03,-2.035175890E+00,-587.903E-06
+1.632400E-03,-2.035175890E+00,-587.903E-06
+1.635200E-03,-2.040201015E+00,-587.903E-06
+1.638000E-03,-2.040201015E+00,-587.903E-06
+1.640800E-03,-2.115577899E+00,-39.783882E-03
+1.643600E-03,-2.120603024E+00,-587.903E-06
+1.646400E-03,-2.115577899E+00,-587.903E-06
+1.649200E-03,-2.120603024E+00,-587.903E-06
+1.652000E-03,-2.195979908E+00,-587.903E-06
+1.654800E-03,-2.195979908E+00,-587.903E-06
+1.657600E-03,-2.276381917E+00,-39.783882E-03
+1.660400E-03,-2.276381917E+00,-587.903E-06
+1.663200E-03,-2.276381917E+00,-587.903E-06
+1.666000E-03,-2.276381917E+00,-587.903E-06
+1.668800E-03,-2.356783926E+00,-587.903E-06
+1.671600E-03,-2.281407043E+00,-587.903E-06
+1.674400E-03,-2.356783926E+00,-587.903E-06
+1.677200E-03,-2.356783926E+00,-587.903E-06
+1.680000E-03,-2.437185936E+00,-587.903E-06
+1.682800E-03,-2.361809052E+00,-587.903E-06
+1.685600E-03,-2.361809052E+00,-587.903E-06
+1.688400E-03,-2.361809052E+00,-587.903E-06
+1.691200E-03,-2.437185936E+00,-587.903E-06
+1.694000E-03,-2.437185936E+00,-587.903E-06
+1.696800E-03,-2.437185936E+00,-39.783882E-03
+1.699600E-03,-2.437185936E+00,-587.903E-06
+1.702400E-03,-2.517587945E+00,-39.783882E-03
+1.705200E-03,-2.442211061E+00,-587.903E-06
+1.708000E-03,-2.517587945E+00,-39.783882E-03
+1.710800E-03,-2.517587945E+00,-587.903E-06
+1.713600E-03,-2.517587945E+00,-587.903E-06
+1.716400E-03,-2.517587945E+00,-39.783882E-03
+1.719200E-03,-2.442211061E+00,-39.783882E-03
+1.722000E-03,-2.517587945E+00,-587.903E-06
+1.724800E-03,-2.517587945E+00,-587.903E-06
+1.727600E-03,-2.517587945E+00,-587.903E-06
+1.730400E-03,-2.517587945E+00,-587.903E-06
+1.733200E-03,-2.522613070E+00,-587.903E-06
+1.736000E-03,-2.517587945E+00,-587.903E-06
+1.738800E-03,-2.522613070E+00,-587.903E-06
+1.741600E-03,-2.522613070E+00,-587.903E-06
+1.744400E-03,-2.517587945E+00,-39.783882E-03
+1.747200E-03,-2.517587945E+00,-42.396948E-03
+1.750000E-03,-2.517587945E+00,-587.903E-06
+1.752800E-03,-2.517587945E+00,-587.903E-06
+1.755600E-03,-2.517587945E+00,-39.783882E-03
+1.758400E-03,-2.517587945E+00,-587.903E-06
+1.761200E-03,-2.517587945E+00,-42.396948E-03
+1.764000E-03,-2.517587945E+00,-587.903E-06
+1.766800E-03,-2.442211061E+00,-587.903E-06
+1.769600E-03,-2.517587945E+00,-587.903E-06
+1.772400E-03,-2.442211061E+00,-587.903E-06
+1.775200E-03,-2.437185936E+00,-39.783882E-03
+1.778000E-03,-2.437185936E+00,-587.903E-06
+1.780800E-03,-2.437185936E+00,-587.903E-06
+1.783600E-03,-2.437185936E+00,-587.903E-06
+1.786400E-03,-2.437185936E+00,-587.903E-06
+1.789200E-03,-2.437185936E+00,-587.903E-06
+1.792000E-03,-2.361809052E+00,-587.903E-06
+1.794800E-03,-2.356783926E+00,-587.903E-06
+1.797600E-03,-2.356783926E+00,-587.903E-06
+1.800400E-03,-2.356783926E+00,-587.903E-06
+1.803200E-03,-2.356783926E+00,-587.903E-06
+1.806000E-03,-2.276381917E+00,-587.903E-06
+1.808800E-03,-2.356783926E+00,-587.903E-06
+1.811600E-03,-2.276381917E+00,-39.783882E-03
+1.814400E-03,-2.276381917E+00,-587.903E-06
+1.817200E-03,-2.276381917E+00,-587.903E-06
+1.820000E-03,-2.195979908E+00,-587.903E-06
+1.822800E-03,-2.201005034E+00,-587.903E-06
+1.825600E-03,-2.195979908E+00,-42.396948E-03
+1.828400E-03,-2.120603024E+00,-587.903E-06
+1.831200E-03,-2.195979908E+00,-587.903E-06
+1.834000E-03,-2.115577899E+00,-587.903E-06
+1.836800E-03,-2.115577899E+00,-587.903E-06
+1.839600E-03,-2.035175890E+00,-587.903E-06
+1.842400E-03,-2.035175890E+00,-42.396948E-03
+1.845200E-03,-2.035175890E+00,-587.903E-06
+1.848000E-03,-1.959799006E+00,-39.783882E-03
+1.850800E-03,-1.954773881E+00,-39.783882E-03
+1.853600E-03,-1.954773881E+00,-587.903E-06
+1.856400E-03,-1.874371871E+00,-587.903E-06
+1.859200E-03,-1.874371871E+00,-587.903E-06
+1.862000E-03,-1.793969862E+00,-587.903E-06
+1.864800E-03,-1.793969862E+00,-587.903E-06
+1.867600E-03,-1.718592979E+00,-587.903E-06
+1.870400E-03,-1.718592979E+00,-39.783882E-03
+1.873200E-03,-1.713567853E+00,-587.903E-06
+1.876000E-03,-1.633165844E+00,-587.903E-06
+1.878800E-03,-1.633165844E+00,-39.783882E-03
+1.881600E-03,-1.633165844E+00,-587.903E-06
+1.884400E-03,-1.552763835E+00,-39.783882E-03
+1.887200E-03,-1.552763835E+00,-587.903E-06
+1.890000E-03,-1.477386951E+00,-587.903E-06
+1.892800E-03,-1.472361825E+00,-587.903E-06
+1.895600E-03,-1.472361825E+00,-587.903E-06
+1.898400E-03,-1.391959816E+00,-587.903E-06
+1.901200E-03,-1.391959816E+00,-587.903E-06
+1.904000E-03,-1.311557807E+00,-587.903E-06
+1.906800E-03,-1.236180923E+00,-587.903E-06
+1.909600E-03,-1.231155798E+00,-587.903E-06
+1.912400E-03,-1.231155798E+00,-587.903E-06
+1.915200E-03,-1.150753789E+00,-587.903E-06
+1.918000E-03,-1.150753789E+00,-587.903E-06
+1.920800E-03,-1.070351779E+00,+41.221142E-03
+1.923600E-03,-1.070351779E+00,-587.903E-06
+1.926400E-03,-989.949770E-03,-39.783882E-03
+1.929200E-03,-989.949770E-03,-587.903E-06
+1.932000E-03,-909.547761E-03,-587.903E-06
+1.934800E-03,-834.170877E-03,-587.903E-06
+1.937600E-03,-829.145752E-03,-587.903E-06
+1.940400E-03,-829.145752E-03,-587.903E-06
+1.943200E-03,-748.743743E-03,-587.903E-06
+1.946000E-03,-748.743743E-03,-42.396948E-03
+1.948800E-03,-668.341734E-03,-587.903E-06
+1.951600E-03,-668.341734E-03,-587.903E-06
+1.954400E-03,-587.939724E-03,-587.903E-06
+1.957200E-03,-507.537715E-03,-587.903E-06
+1.960000E-03,-432.160832E-03,-587.903E-06
+1.962800E-03,-427.135706E-03,-587.903E-06
+1.965600E-03,-427.135706E-03,-587.903E-06
+1.968400E-03,-346.733697E-03,-587.903E-06
+1.971200E-03,-271.356813E-03,-587.903E-06
+1.974000E-03,-266.331688E-03,-587.903E-06
+1.976800E-03,-185.929678E-03,-587.903E-06
+1.979600E-03,-185.929678E-03,-587.903E-06
+1.982400E-03,-185.929678E-03,-587.903E-06
+1.985200E-03,-105.527669E-03,-587.903E-06
+1.988000E-03,-25.125660E-03,-39.783882E-03
+1.990800E-03,-25.125660E-03,-587.903E-06
+1.993600E-03,+55.276349E-03,-39.783882E-03
+1.996400E-03,+135.678358E-03,-587.903E-06
+1.999200E-03,+135.678358E-03,-587.903E-06
+2.002000E-03,+135.678358E-03,-587.903E-06
+2.004800E-03,+216.080368E-03,-587.903E-06
+2.007600E-03,+296.482377E-03,-587.903E-06
+2.010400E-03,+296.482377E-03,-587.903E-06
+2.013200E-03,+376.884386E-03,-587.903E-06
+2.016000E-03,+376.884386E-03,-587.903E-06
+2.018800E-03,+457.286395E-03,+2.025162E-03
+2.021600E-03,+457.286395E-03,+41.221142E-03
+2.024400E-03,+457.286395E-03,+41.221142E-03
+2.027200E-03,+537.688404E-03,+83.030187E-03
+2.030000E-03,+618.090414E-03,+124.839231E-03
+2.032800E-03,+693.467297E-03,+124.839231E-03
+2.035600E-03,+698.492423E-03,+166.648276E-03
+2.038400E-03,+698.492423E-03,+208.457321E-03
+2.041200E-03,+778.894432E-03,+211.070386E-03
+2.044000E-03,+778.894432E-03,+250.266366E-03
+2.046800E-03,+859.296441E-03,+292.075410E-03
+2.049600E-03,+934.673325E-03,+333.884455E-03
+2.052400E-03,+934.673325E-03,+375.693500E-03
+2.055200E-03,+939.698450E-03,+375.693500E-03
+2.058000E-03,+1.015075334E+00,+459.311590E-03
+2.060800E-03,+1.020100459E+00,+459.311590E-03
+2.063600E-03,+1.095477343E+00,+501.120634E-03
+2.066400E-03,+1.100502469E+00,+584.738724E-03
+2.069200E-03,+1.175879352E+00,+584.738724E-03
+2.072000E-03,+1.180904478E+00,+584.738724E-03
+2.074800E-03,+1.180904478E+00,+668.356813E-03
+2.077600E-03,+1.180904478E+00,+668.356813E-03
+2.080400E-03,+1.261306487E+00,+710.165858E-03
+2.083200E-03,+1.261306487E+00,+710.165858E-03
+2.086000E-03,+1.341708496E+00,+754.587968E-03
+2.088800E-03,+1.341708496E+00,+793.783948E-03
+2.091600E-03,+1.422110505E+00,+835.592993E-03
+2.094400E-03,+1.422110505E+00,+877.402037E-03
+2.097200E-03,+1.502512515E+00,+877.402037E-03
+2.100000E-03,+1.577889398E+00,+919.211082E-03
+2.102800E-03,+1.502512515E+00,+961.020127E-03
+2.105600E-03,+1.582914524E+00,+1.002829172E+00
+2.108400E-03,+1.582914524E+00,+1.002829172E+00
+2.111200E-03,+1.582914524E+00,+1.044638216E+00
+2.114000E-03,+1.663316533E+00,+1.044638216E+00
+2.116800E-03,+1.663316533E+00,+1.086447261E+00
+2.119600E-03,+1.738693417E+00,+1.128256306E+00
+2.122400E-03,+1.743718542E+00,+1.170065351E+00
+2.125200E-03,+1.743718542E+00,+1.170065351E+00
+2.128000E-03,+1.743718542E+00,+1.211874396E+00
+2.130800E-03,+1.824120551E+00,+1.253683440E+00
+2.133600E-03,+1.824120551E+00,+1.253683440E+00
+2.136400E-03,+1.904522561E+00,+1.256296506E+00
+2.139200E-03,+1.899497435E+00,+1.337301530E+00
+2.142000E-03,+1.904522561E+00,+1.298105550E+00
+2.144800E-03,+1.904522561E+00,+1.337301530E+00
+2.147600E-03,+1.979899444E+00,+1.379110575E+00
+2.150400E-03,+1.984924570E+00,+1.379110575E+00
+2.153200E-03,+1.984924570E+00,+1.420919620E+00
+2.156000E-03,+1.984924570E+00,+1.420919620E+00
+2.158800E-03,+1.984924570E+00,+1.462728664E+00
+2.161600E-03,+1.984924570E+00,+1.462728664E+00
+2.164400E-03,+2.065326579E+00,+1.504537709E+00
+2.167200E-03,+2.065326579E+00,+1.504537709E+00
+2.170000E-03,+2.065326579E+00,+1.504537709E+00
+2.172800E-03,+2.145728588E+00,+1.546346754E+00
+2.175600E-03,+2.145728588E+00,+1.546346754E+00
+2.178400E-03,+2.145728588E+00,+1.548959819E+00
+2.181200E-03,+2.145728588E+00,+1.588155799E+00
+2.184000E-03,+2.145728588E+00,+1.588155799E+00
+2.186800E-03,+2.226130597E+00,+1.629964843E+00
+2.189600E-03,+2.226130597E+00,+1.629964843E+00
+2.192400E-03,+2.226130597E+00,+1.629964843E+00
+2.195200E-03,+2.226130597E+00,+1.671773888E+00
+2.198000E-03,+2.301507481E+00,+1.632577909E+00
+2.200800E-03,+2.226130597E+00,+1.671773888E+00
+2.203600E-03,+2.306532606E+00,+1.671773888E+00
+2.206400E-03,+2.306532606E+00,+1.713582933E+00
+2.209200E-03,+2.306532606E+00,+1.713582933E+00
+2.212000E-03,+2.306532606E+00,+1.713582933E+00
+2.214800E-03,+2.306532606E+00,+1.713582933E+00
+2.217600E-03,+2.306532606E+00,+1.713582933E+00
+2.220400E-03,+2.306532606E+00,+1.713582933E+00
+2.223200E-03,+2.306532606E+00,+1.713582933E+00
+2.226000E-03,+2.306532606E+00,+1.713582933E+00
+2.228800E-03,+2.306532606E+00,+1.755391978E+00
+2.231600E-03,+2.306532606E+00,+1.755391978E+00
+2.234400E-03,+2.381909490E+00,+1.755391978E+00
+2.237200E-03,+2.381909490E+00,+1.755391978E+00
+2.240000E-03,+2.306532606E+00,+1.716195998E+00
+2.242800E-03,+2.306532606E+00,+1.713582933E+00
+2.245600E-03,+2.306532606E+00,+1.755391978E+00
+2.248400E-03,+2.306532606E+00,+1.755391978E+00
+2.251200E-03,+2.306532606E+00,+1.755391978E+00
+2.254000E-03,+2.306532606E+00,+1.716195998E+00
+2.256800E-03,+2.306532606E+00,+1.713582933E+00
+2.259600E-03,+2.306532606E+00,+1.713582933E+00
+2.262400E-03,+2.306532606E+00,+1.713582933E+00
+2.265200E-03,+2.306532606E+00,+1.713582933E+00
+2.268000E-03,+2.226130597E+00,+1.713582933E+00
+2.270800E-03,+2.226130597E+00,+1.713582933E+00
+2.273600E-03,+2.301507481E+00,+1.713582933E+00
+2.276400E-03,+2.226130597E+00,+1.671773888E+00
+2.279200E-03,+2.226130597E+00,+1.671773888E+00
+2.282000E-03,+2.226130597E+00,+1.671773888E+00
+2.284800E-03,+2.226130597E+00,+1.632577909E+00
+2.287600E-03,+2.226130597E+00,+1.629964843E+00
+2.290400E-03,+2.221105472E+00,+1.629964843E+00
+2.293200E-03,+2.226130597E+00,+1.588155799E+00
+2.296000E-03,+2.145728588E+00,+1.588155799E+00
+2.298800E-03,+2.145728588E+00,+1.548959819E+00
+2.301600E-03,+2.145728588E+00,+1.546346754E+00
+2.304400E-03,+2.065326579E+00,+1.546346754E+00
+2.307200E-03,+2.140703463E+00,+1.546346754E+00
+2.310000E-03,+2.065326579E+00,+1.504537709E+00
+2.312800E-03,+2.065326579E+00,+1.465341730E+00
+2.315600E-03,+1.984924570E+00,+1.462728664E+00
+2.318400E-03,+1.984924570E+00,+1.462728664E+00
+2.321200E-03,+1.984924570E+00,+1.462728664E+00
+2.324000E-03,+1.984924570E+00,+1.420919620E+00
+2.326800E-03,+1.904522561E+00,+1.420919620E+00
+2.329600E-03,+1.904522561E+00,+1.339914595E+00
+2.332400E-03,+1.904522561E+00,+1.339914595E+00
+2.335200E-03,+1.904522561E+00,+1.337301530E+00
+2.338000E-03,+1.899497435E+00,+1.295492485E+00
+2.340800E-03,+1.824120551E+00,+1.256296506E+00
+2.343600E-03,+1.824120551E+00,+1.253683440E+00
+2.346400E-03,+1.819095426E+00,+1.211874396E+00
+2.349200E-03,+1.819095426E+00,+1.211874396E+00
+2.352000E-03,+1.743718542E+00,+1.172678416E+00
+2.354800E-03,+1.743718542E+00,+1.130869371E+00
+2.357600E-03,+1.663316533E+00,+1.128256306E+00
+2.360400E-03,+1.663316533E+00,+1.086447261E+00
+2.363200E-03,+1.658291407E+00,+1.086447261E+00
+2.366000E-03,+1.582914524E+00,+1.005442237E+00
+2.368800E-03,+1.582914524E+00,+1.005442237E+00
+2.371600E-03,+1.502512515E+00,+1.002829172E+00
+2.374400E-03,+1.502512515E+00,+961.020127E-03
+2.377200E-03,+1.422110505E+00,+961.020127E-03
+2.380000E-03,+1.422110505E+00,+919.211082E-03
+2.382800E-03,+1.422110505E+00,+877.402037E-03
+2.385600E-03,+1.341708496E+00,+877.402037E-03
+2.388400E-03,+1.341708496E+00,+835.592993E-03
+2.391200E-03,+1.261306487E+00,+793.783948E-03
+2.394000E-03,+1.261306487E+00,+751.974903E-03
+2.396800E-03,+1.261306487E+00,+710.165858E-03
+2.399600E-03,+1.180904478E+00,+668.356813E-03
+2.402400E-03,+1.180904478E+00,+668.356813E-03
+2.405200E-03,+1.175879352E+00,+626.547769E-03
+2.408000E-03,+1.100502469E+00,+584.738724E-03
+2.410800E-03,+1.100502469E+00,+542.929679E-03
+2.413600E-03,+1.020100459E+00,+501.120634E-03
+2.416400E-03,+939.698450E-03,+459.311590E-03
+2.419200E-03,+939.698450E-03,+420.115610E-03
+2.422000E-03,+939.698450E-03,+417.502545E-03
+2.424800E-03,+859.296441E-03,+375.693500E-03
+2.427600E-03,+859.296441E-03,+333.884455E-03
+2.430400E-03,+854.271316E-03,+292.075410E-03
+2.433200E-03,+778.894432E-03,+252.879431E-03
+2.436000E-03,+698.492423E-03,+250.266366E-03
+2.438800E-03,+698.492423E-03,+208.457321E-03
+2.441600E-03,+618.090414E-03,+166.648276E-03
+2.444400E-03,+618.090414E-03,+85.643252E-03
+2.447200E-03,+537.688404E-03,+85.643252E-03
+2.450000E-03,+537.688404E-03,+83.030187E-03
+2.452800E-03,+457.286395E-03,+41.221142E-03
+2.455600E-03,+452.261270E-03,+41.221142E-03
+2.458400E-03,+376.884386E-03,-587.903E-06
+2.461200E-03,+376.884386E-03,+2.025162E-03
+2.464000E-03,+296.482377E-03,-587.903E-06
+2.466800E-03,+291.457251E-03,-39.783882E-03
+2.469600E-03,+216.080368E-03,-587.903E-06
+2.472400E-03,+216.080368E-03,-587.903E-06
+2.475200E-03,+135.678358E-03,-42.396948E-03
+2.478000E-03,+135.678358E-03,-39.783882E-03
+2.480800E-03,+55.276349E-03,-42.396948E-03
+2.483600E-03,-25.125660E-03,-39.783882E-03
+2.486400E-03,-25.125660E-03,-587.903E-06
+2.489200E-03,-105.527669E-03,-587.903E-06
+2.492000E-03,-105.527669E-03,-39.783882E-03
+2.494800E-03,-185.929678E-03,-587.903E-06
+2.497600E-03,-185.929678E-03,-587.903E-06
+2.500400E-03,-266.331688E-03,-587.903E-06
+2.503200E-03,-271.356813E-03,-587.903E-06
+2.506000E-03,-346.733697E-03,-39.783882E-03
+2.508800E-03,-346.733697E-03,-587.903E-06
+2.511600E-03,-427.135706E-03,-587.903E-06
+2.514400E-03,-507.537715E-03,-39.783882E-03
+2.517200E-03,-507.537715E-03,-587.903E-06
+2.520000E-03,-512.562841E-03,-587.903E-06
+2.522800E-03,-592.964850E-03,-42.396948E-03
+2.525600E-03,-668.341734E-03,-587.903E-06
+2.528400E-03,-748.743743E-03,-39.783882E-03
+2.531200E-03,-748.743743E-03,-39.783882E-03
+2.534000E-03,-748.743743E-03,-39.783882E-03
+2.536800E-03,-829.145752E-03,-39.783882E-03
+2.539600E-03,-829.145752E-03,-587.903E-06
+2.542400E-03,-909.547761E-03,-587.903E-06
+2.545200E-03,-989.949770E-03,-587.903E-06
+2.548000E-03,-989.949770E-03,-587.903E-06
+2.550800E-03,-989.949770E-03,-587.903E-06
+2.553600E-03,-1.070351779E+00,-587.903E-06
+2.556400E-03,-1.150753789E+00,-587.903E-06
+2.559200E-03,-1.150753789E+00,-587.903E-06
+2.562000E-03,-1.150753789E+00,-42.396948E-03
+2.564800E-03,-1.231155798E+00,-587.903E-06
+2.567600E-03,-1.231155798E+00,-587.903E-06
+2.570400E-03,-1.311557807E+00,-587.903E-06
+2.573200E-03,-1.316582933E+00,-587.903E-06
+2.576000E-03,-1.391959816E+00,-39.783882E-03
+2.578800E-03,-1.472361825E+00,-587.903E-06
+2.581600E-03,-1.396984942E+00,-39.783882E-03
+2.584400E-03,-1.472361825E+00,-587.903E-06
+2.587200E-03,-1.552763835E+00,-587.903E-06
+2.590000E-03,-1.552763835E+00,-39.783882E-03
+2.592800E-03,-1.552763835E+00,-587.903E-06
+2.595600E-03,-1.633165844E+00,-587.903E-06
+2.598400E-03,-1.713567853E+00,-587.903E-06
+2.601200E-03,-1.713567853E+00,-587.903E-06
+2.604000E-03,-1.713567853E+00,-587.903E-06
+2.606800E-03,-1.793969862E+00,-587.903E-06
+2.609600E-03,-1.793969862E+00,-587.903E-06
+2.612400E-03,-1.874371871E+00,-587.903E-06
+2.615200E-03,-1.874371871E+00,-587.903E-06
+2.618000E-03,-1.874371871E+00,-587.903E-06
+2.620800E-03,-1.954773881E+00,-587.903E-06
+2.623600E-03,-1.879396997E+00,-587.903E-06
+2.626400E-03,-1.954773881E+00,-587.903E-06
+2.629200E-03,-2.035175890E+00,-587.903E-06
+2.632000E-03,-2.035175890E+00,-587.903E-06
+2.634800E-03,-2.035175890E+00,-42.396948E-03
+2.637600E-03,-2.115577899E+00,-587.903E-06
+2.640400E-03,-2.040201015E+00,-39.783882E-03
+2.643200E-03,-2.115577899E+00,-587.903E-06
+2.646000E-03,-2.115577899E+00,-587.903E-06
+2.648800E-03,-2.195979908E+00,-587.903E-06
+2.651600E-03,-2.195979908E+00,-39.783882E-03
+2.654400E-03,-2.195979908E+00,-39.783882E-03
+2.657200E-03,-2.195979908E+00,-42.396948E-03
+2.660000E-03,-2.276381917E+00,-39.783882E-03
+2.662800E-03,-2.276381917E+00,-587.903E-06
+2.665600E-03,-2.276381917E+00,-587.903E-06
+2.668400E-03,-2.356783926E+00,-587.903E-06
+2.671200E-03,-2.356783926E+00,-587.903E-06
+2.674000E-03,-2.356783926E+00,-587.903E-06
+2.676800E-03,-2.356783926E+00,-587.903E-06
+2.679600E-03,-2.437185936E+00,-39.783882E-03
+2.682400E-03,-2.356783926E+00,-587.903E-06
+2.685200E-03,-2.437185936E+00,-587.903E-06
+2.688000E-03,-2.437185936E+00,-587.903E-06
+2.690800E-03,-2.437185936E+00,-587.903E-06
+2.693600E-03,-2.437185936E+00,-587.903E-06
+2.696400E-03,-2.437185936E+00,-587.903E-06
+2.699200E-03,-2.442211061E+00,-39.783882E-03
+2.702000E-03,-2.517587945E+00,-587.903E-06
+2.704800E-03,-2.517587945E+00,-587.903E-06
+2.707600E-03,-2.517587945E+00,-587.903E-06
+2.710400E-03,-2.517587945E+00,-587.903E-06
+2.713200E-03,-2.517587945E+00,-587.903E-06
+2.716000E-03,-2.517587945E+00,-587.903E-06
+2.718800E-03,-2.517587945E+00,-587.903E-06
+2.721600E-03,-2.517587945E+00,-39.783882E-03
+2.724400E-03,-2.522613070E+00,-587.903E-06
+2.727200E-03,-2.517587945E+00,-587.903E-06
+2.730000E-03,-2.517587945E+00,-587.903E-06
+2.732800E-03,-2.517587945E+00,-587.903E-06
+2.735600E-03,-2.517587945E+00,-587.903E-06
+2.738400E-03,-2.517587945E+00,-587.903E-06
+2.741200E-03,-2.517587945E+00,-587.903E-06
+2.744000E-03,-2.517587945E+00,-587.903E-06
+2.746800E-03,-2.517587945E+00,-587.903E-06
+2.749600E-03,-2.517587945E+00,-587.903E-06
+2.752400E-03,-2.517587945E+00,-39.783882E-03
+2.755200E-03,-2.517587945E+00,-39.783882E-03
+2.758000E-03,-2.517587945E+00,-42.396948E-03
+2.760800E-03,-2.517587945E+00,-587.903E-06
+2.763600E-03,-2.517587945E+00,-587.903E-06
+2.766400E-03,-2.517587945E+00,-587.903E-06
+2.769200E-03,-2.517587945E+00,-587.903E-06
+2.772000E-03,-2.517587945E+00,-587.903E-06
+2.774800E-03,-2.517587945E+00,-587.903E-06
+2.777600E-03,-2.517587945E+00,-587.903E-06
+2.780400E-03,-2.437185936E+00,-587.903E-06
+2.783200E-03,-2.437185936E+00,-39.783882E-03
+2.786000E-03,-2.437185936E+00,-587.903E-06
+2.788800E-03,-2.361809052E+00,-587.903E-06
+2.791600E-03,-2.437185936E+00,-39.783882E-03
+2.794400E-03,-2.356783926E+00,-39.783882E-03
+2.797200E-03,-2.356783926E+00,-587.903E-06
