Record Length,2.500000e+03,,  -0.000000240000,  -0.14400,
Sample Interval,4.000000e-10,,  -0.000000239600,  -0.14400,
Trigger Point,6.000000000000e+02,,  -0.000000239200,  -0.14400,
,,,  -0.000000238800,  -0.15200,
,,,  -0.000000238400,  -0.16000,
,,,  -0.000000238000,  -0.16000,
Source,CH1,,  -0.000000237600,  -0.16000,
Vertical Units,V,,  -0.000000237200,  -0.16000,
Vertical Scale,2.000000e-01,,  -0.000000236800,  -0.16000,
Vertical Offset,0.000000e+00,,  -0.000000236400,  -0.16000,
Horizontal Units,s,,  -0.000000236000,  -0.16800,
Horizontal Scale,1.000000e-07,,  -0.000000235600,  -0.17600,
Pt Fmt,Y,,  -0.000000235200,  -0.18400,
Yzero,0.000000e+00,,  -0.000000234800,  -0.19200,
Probe Atten,1.000000e+01,,  -0.000000234400,  -0.19200,
Firmware Version,FV:v6.08,,  -0.000000234000,  -0.19200,
,,,-00.000000233600,  -0.19200,
,,,-00.000000233200,  -0.19200,
,,,-00.000000232800,  -0.20000,
,,,-00.000000232400,  -0.20000,
,,,-00.000000232000,  -0.20000,
,,,-00.000000231600,  -0.20000,
,,,-00.000000231200,  -0.20000,
,,,-00.000000230800,  -0.20800,
,,,-00.000000230400,  -0.21600,
,,,-00.000000230000,  -0.22400,
,,,-00.000000229600,  -0.22400,
,,,-00.000000229200,  -0.22400,
,,,-00.000000228800,  -0.23200,
,,,-00.000000228400,  -0.23200,
,,,-00.000000228000,  -0.24000,
,,,-00.000000227600,  -0.24000,
,,,-00.000000227200,  -0.24000,
,,,-00.000000226800,  -0.24000,
,,,-00.000000226400,  -0.24000,
,,,-00.000000226000,  -0.24000,
,,,-00.000000225600,  -0.24800,
,,,-00.000000225200,  -0.24800,
,,,-00.000000224800,  -0.25600,
,,,-00.000000224400,  -0.26400,
,,,-00.000000224000,  -0.26400,
,,,-00.000000223600,  -0.26400,
,,,-00.000000223200,  -0.26400,
,,,-00.000000222800,  -0.27200,
,,,-00.000000222400,  -0.27200,
,,,-00.000000222000,  -0.27200,
,,,-00.000000221600,  -0.27200,
,,,-00.000000221200,  -0.27200,
,,,-00.000000220800,  -0.28000,
,,,-00.000000220400,  -0.28000,
,,,-00.000000220000,  -0.28000,
,,,-00.000000219600,  -0.28000,
,,,-00.000000219200,  -0.28000,
,,,-00.000000218800,  -0.28800,
,,,-00.000000218400,  -0.28800,
,,,-00.000000218000,  -0.29600,
,,,-00.000000217600,  -0.30400,
,,,-00.000000217200,  -0.30400,
,,,-00.000000216800,  -0.31200,
,,,-00.000000216400,  -0.31200,
,,,-00.000000216000,  -0.31200,
,,,-00.000000215600,  -0.31200,
,,,-00.000000215200,  -0.31200,
,,,-00.000000214800,  -0.32000,
,,,-00.000000214400,  -0.32000,
,,,-00.000000214000,  -0.32800,
,,,-00.000000213600,  -0.32800,
,,,-00.000000213200,  -0.32800,
,,,-00.000000212800,  -0.33600,
,,,-00.000000212400,  -0.33600,
,,,-00.000000212000,  -0.34400,
,,,-00.000000211600,  -0.34400,
,,,-00.000000211200,  -0.34400,
,,,-00.000000210800,  -0.34400,
,,,-00.000000210400,  -0.34400,
,,,-00.000000210000,  -0.34400,
,,,-00.000000209600,  -0.34400,
,,,-00.000000209200,  -0.34400,
,,,-00.000000208800,  -0.35200,
,,,-00.000000208400,  -0.36000,
,,,-00.000000208000,  -0.36000,
,,,-00.000000207600,  -0.36000,
,,,-00.000000207200,  -0.36000,
,,,-00.000000206800,  -0.36800,
,,,-00.000000206400,  -0.36800,
,,,-00.000000206000,  -0.37600,
,,,-00.000000205600,  -0.37600,
,,,-00.000000205200,  -0.37600,
,,,-00.000000204800,  -0.38400,
,,,-00.000000204400,  -0.38400,
,,,-00.000000204000,  -0.38400,
,,,-00.000000203600,  -0.38400,
,,,-00.000000203200,  -0.38400,
,,,-00.000000202800,  -0.39200,
,,,-00.000000202400,  -0.39200,
,,,-00.000000202000,  -0.40000,
,,,-00.000000201600,  -0.40000,
,,,-00.000000201200,  -0.40000,
,,,-00.000000200800,  -0.40000,
,,,-00.000000200400,  -0.40000,
,,,-00.000000200000,  -0.40800,
,,,-00.000000199600,  -0.41600,
,,,-00.000000199200,  -0.41600,
,,,-00.000000198800,  -0.42400,
,,,-00.000000198400,  -0.42400,
,,,-00.000000198000,  -0.42400,
,,,-00.000000197600,  -0.42400,
,,,-00.000000197200,  -0.42400,
,,,-00.000000196800,  -0.43200,
,,,-00.000000196400,  -0.43200,
,,,-00.000000196000,  -0.44000,
,,,-00.000000195600,  -0.44000,
,,,-00.000000195200,  -0.44000,
,,,-00.000000194800,  -0.44800,
,,,-00.000000194400,  -0.44800,
,,,-00.000000194000,  -0.44800,
,,,-00.000000193600,  -0.44800,
,,,-00.000000193200,  -0.44800,
,,,-00.000000192800,  -0.44800,
,,,-00.000000192400,  -0.44800,
,,,-00.000000192000,  -0.45600,
,,,-00.000000191600,  -0.45600,
,,,-00.000000191200,  -0.45600,
,,,-00.000000190800,  -0.46400,
,,,-00.000000190400,  -0.46400,
,,,-00.000000190000,  -0.46400,
,,,-00.000000189600,  -0.46400,
,,,-00.000000189200,  -0.45600,
,,,-00.000000188800,  -0.46400,
,,,-00.000000188400,  -0.46400,
,,,-00.000000188000,  -0.46400,
,,,-00.000000187600,  -0.46400,
,,,-00.000000187200,  -0.46400,
,,,-00.000000186800,  -0.47200,
,,,-00.000000186400,  -0.47200,
,,,-00.000000186000,  -0.48000,
,,,-00.000000185600,  -0.48800,
,,,-00.000000185200,  -0.48800,
,,,-00.000000184800,  -0.48800,
,,,-00.000000184400,  -0.48800,
,,,-00.000000184000,  -0.48800,
,,,-00.000000183600,  -0.49600,
,,,-00.000000183200,  -0.49600,
,,,-00.000000182800,  -0.50400,
,,,-00.000000182400,  -0.51200,
,,,-00.000000182000,  -0.52000,
,,,-00.000000181600,  -0.52000,
,,,-00.000000181200,  -0.52000,
,,,-00.000000180800,  -0.52000,
,,,-00.000000180400,  -0.52000,
,,,-00.000000180000,  -0.52800,
,,,-00.000000179600,  -0.52800,
,,,-00.000000179200,  -0.52800,
,,,-00.000000178800,  -0.52800,
,,,-00.000000178400,  -0.52800,
,,,-00.000000178000,  -0.52800,
,,,-00.000000177600,  -0.52800,
,,,-00.000000177200,  -0.52800,
,,,-00.000000176800,  -0.53600,
,,,-00.000000176400,  -0.53600,
,,,-00.000000176000,  -0.54400,
,,,-00.000000175600,  -0.54400,
,,,-00.000000175200,  -0.54400,
,,,-00.000000174800,  -0.54400,
,,,-00.000000174400,  -0.54400,
,,,-00.000000174000,  -0.53600,
,,,-00.000000173600,  -0.54400,
,,,-00.000000173200,  -0.54400,
,,,-00.000000172800,  -0.55200,
,,,-00.000000172400,  -0.55200,
,,,-00.000000172000,  -0.56000,
,,,-00.000000171600,  -0.56000,
,,,-00.000000171200,  -0.56000,
,,,-00.000000170800,  -0.56000,
,,,-00.000000170400,  -0.56000,
,,,-00.000000170000,  -0.56000,
,,,-00.000000169600,  -0.56000,
,,,-00.000000169200,  -0.56000,
,,,-00.000000168800,  -0.56000,
,,,-00.000000168400,  -0.56000,
,,,-00.000000168000,  -0.56800,
,,,-00.000000167600,  -0.56800,
,,,-00.000000167200,  -0.56800,
,,,-00.000000166800,  -0.57600,
,,,-00.000000166400,  -0.57600,
,,,-00.000000166000,  -0.57600,
,,,-00.000000165600,  -0.57600,
,,,-00.000000165200,  -0.57600,
,,,-00.000000164800,  -0.57600,
,,,-00.000000164400,  -0.57600,
,,,-00.000000164000,  -0.58400,
,,,-00.000000163600,  -0.58400,
,,,-00.000000163200,  -0.58400,
,,,-00.000000162800,  -0.59200,
,,,-00.000000162400,  -0.59200,
,,,-00.000000162000,  -0.60000,
,,,-00.000000161600,  -0.60000,
,,,-00.000000161200,  -0.60000,
,,,-00.000000160800,  -0.60800,
,,,-00.000000160400,  -0.60800,
,,,-00.000000160000,  -0.60800,
,,,-00.000000159600,  -0.60800,
,,,-00.000000159200,  -0.60000,
,,,-00.000000158800,  -0.60800,
,,,-00.000000158400,  -0.60800,
,,,-00.000000158000,  -0.61600,
,,,-00.000000157600,  -0.61600,
,,,-00.000000157200,  -0.61600,
,,,-00.000000156800,  -0.61600,
,,,-00.000000156400,  -0.61600,
,,,-00.000000156000,  -0.62400,
,,,-00.000000155600,  -0.62400,
,,,-00.000000155200,  -0.62400,
,,,-00.000000154800,  -0.62400,
,,,-00.000000154400,  -0.62400,
,,,-00.000000154000,  -0.62400,
,,,-00.000000153600,  -0.62400,
,,,-00.000000153200,  -0.62400,
,,,-00.000000152800,  -0.63200,
,,,-00.000000152400,  -0.63200,
,,,-00.000000152000,  -0.63200,
,,,-00.000000151600,  -0.63200,
,,,-00.000000151200,  -0.63200,
,,,-00.000000150800,  -0.63200,
,,,-00.000000150400,  -0.63200,
,,,-00.000000150000,  -0.64000,
,,,-00.000000149600,  -0.64000,
,,,-00.000000149200,  -0.64000,
,,,-00.000000148800,  -0.64000,
,,,-00.000000148400,  -0.64000,
,,,-00.000000148000,  -0.63200,
,,,-00.000000147600,  -0.64000,
,,,-00.000000147200,  -0.64000,
,,,-00.000000146800,  -0.64800,
,,,-00.000000146400,  -0.64800,
,,,-00.000000146000,  -0.64800,
,,,-00.000000145600,  -0.64800,
,,,-00.000000145200,  -0.64000,
,,,-00.000000144800,  -0.64000,
,,,-00.000000144400,  -0.64000,
,,,-00.000000144000,  -0.64800,
,,,-00.000000143600,  -0.64800,
,,,-00.000000143200,  -0.64800,
,,,-00.000000142800,  -0.64800,
,,,-00.000000142400,  -0.64800,
,,,-00.000000142000,  -0.64800,
,,,-00.000000141600,  -0.64800,
,,,-00.000000141200,  -0.64800,
,,,-00.000000140800,  -0.64800,
,,,-00.000000140400,  -0.64800,
,,,-00.000000140000,  -0.64800,
,,,-00.000000139600,  -0.64800,
,,,-00.000000139200,  -0.64800,
,,,-00.000000138800,  -0.65600,
,,,-00.000000138400,  -0.65600,
,,,-00.000000138000,  -0.66400,
,,,-00.000000137600,  -0.66400,
,,,-00.000000137200,  -0.66400,
,,,-00.000000136800,  -0.66400,
,,,-00.000000136400,  -0.66400,
,,,-00.000000136000,  -0.66400,
,,,-00.000000135600,  -0.66400,
,,,-00.000000135200,  -0.66400,
,,,-00.000000134800,  -0.66400,
,,,-00.000000134400,  -0.66400,
,,,-00.000000134000,  -0.66400,
,,,-00.000000133600,  -0.66400,
,,,-00.000000133200,  -0.66400,
,,,-00.000000132800,  -0.66400,
,,,-00.000000132400,  -0.66400,
,,,-00.000000132000,  -0.67200,
,,,-00.000000131600,  -0.67200,
,,,-00.000000131200,  -0.67200,
,,,-00.000000130800,  -0.67200,
,,,-00.000000130400,  -0.67200,
,,,-00.000000130000,  -0.67200,
,,,-00.000000129600,  -0.67200,
,,,-00.000000129200,  -0.67200,
,,,-00.000000128800,  -0.67200,
,,,-00.000000128400,  -0.67200,
,,,-00.000000128000,  -0.66400,
,,,-00.000000127600,  -0.66400,
,,,-00.000000127200,  -0.66400,
,,,-00.000000126800,  -0.67200,
,,,-00.000000126400,  -0.67200,
,,,-00.000000126000,  -0.67200,
,,,-00.000000125600,  -0.67200,
,,,-00.000000125200,  -0.67200,
,,,-00.000000124800,  -0.67200,
,,,-00.000000124400,  -0.67200,
,,,-00.000000124000,  -0.67200,
,,,-00.000000123600,  -0.67200,
,,,-00.000000123200,  -0.66400,
,,,-00.000000122800,  -0.67200,
,,,-00.000000122400,  -0.67200,
,,,-00.000000122000,  -0.68000,
,,,-00.000000121600,  -0.68000,
,,,-00.000000121200,  -0.68000,
,,,-00.000000120800,  -0.68800,
,,,-00.000000120400,  -0.68000,
,,,-00.000000120000,  -0.68000,
,,,-00.000000119600,  -0.68000,
,,,-00.000000119200,  -0.67200,
,,,-00.000000118800,  -0.67200,
,,,-00.000000118400,  -0.67200,
,,,-00.000000118000,  -0.66400,
,,,-00.000000117600,  -0.66400,
,,,-00.000000117200,  -0.65600,
,,,-00.000000116800,  -0.66400,
,,,-00.000000116400,  -0.66400,
,,,-00.000000116000,  -0.67200,
,,,-00.000000115600,  -0.67200,
,,,-00.000000115200,  -0.67200,
,,,-00.000000114800,  -0.68000,
,,,-00.000000114400,  -0.67200,
,,,-00.000000114000,  -0.67200,
,,,-00.000000113600,  -0.67200,
,,,-00.000000113200,  -0.66400,
,,,-00.000000112800,  -0.66400,
,,,-00.000000112400,  -0.66400,
,,,-00.000000112000,  -0.65600,
,,,-00.000000111600,  -0.65600,
,,,-00.000000111200,  -0.65600,
,,,-00.000000110800,  -0.65600,
,,,-00.000000110400,  -0.65600,
,,,-00.000000110000,  -0.64800,
,,,-00.000000109600,  -0.64800,
,,,-00.000000109200,  -0.64800,
,,,-00.000000108800,  -0.64800,
,,,-00.000000108400,  -0.64800,
,,,-00.000000108000,  -0.64800,
,,,-00.000000107600,  -0.64800,
,,,-00.000000107200,  -0.64800,
,,,-00.000000106800,  -0.64800,
,,,-00.000000106400,  -0.64800,
,,,-00.000000106000,  -0.64000,
,,,-00.000000105600,  -0.64000,
,,,-00.000000105200,  -0.63200,
,,,-00.000000104800,  -0.63200,
,,,-00.000000104400,  -0.63200,
,,,-00.000000104000,  -0.63200,
,,,-00.000000103600,  -0.63200,
,,,-00.000000103200,  -0.63200,
,,,-00.000000102800,  -0.64000,
,,,-00.000000102400,  -0.64000,
,,,-00.000000102000,  -0.64000,
,,,-00.000000101600,  -0.64000,
,,,-00.000000101200,  -0.63200,
,,,-00.000000100800,  -0.63200,
,,,-00.000000100400,  -0.63200,
,,,-00.000000100000,  -0.63200,
,,,-00.000000099600,  -0.63200,
,,,-00.000000099200,  -0.62400,
,,,-00.000000098800,  -0.63200,
,,,-00.000000098400,  -0.63200,
,,,-00.000000098000,  -0.63200,
,,,-00.000000097600,  -0.63200,
,,,-00.000000097200,  -0.62400,
,,,-00.000000096800,  -0.62400,
,,,-00.000000096400,  -0.62400,
,,,-00.000000096000,  -0.61600,
,,,-00.000000095600,  -0.61600,
,,,-00.000000095200,  -0.60800,
,,,-00.000000094800,  -0.60800,
,,,-00.000000094400,  -0.60800,
,,,-00.000000094000,  -0.61600,
,,,-00.000000093600,  -0.61600,
,,,-00.000000093200,  -0.61600,
,,,-00.000000092800,  -0.61600,
,,,-00.000000092400,  -0.61600,
,,,-00.000000092000,  -0.60800,
,,,-00.000000091600,  -0.60000,
,,,-00.000000091200,  -0.59200,
,,,-00.000000090800,  -0.59200,
,,,-00.000000090400,  -0.59200,
,,,-00.000000090000,  -0.59200,
,,,-00.000000089600,  -0.59200,
,,,-00.000000089200,  -0.59200,
,,,-00.000000088800,  -0.59200,
,,,-00.000000088400,  -0.59200,
,,,-00.000000088000,  -0.58400,
,,,-00.000000087600,  -0.58400,
,,,-00.000000087200,  -0.58400,
,,,-00.000000086800,  -0.59200,
,,,-00.000000086400,  -0.58400,
,,,-00.000000086000,  -0.58400,
,,,-00.000000085600,  -0.57600,
,,,-00.000000085200,  -0.56800,
,,,-00.000000084800,  -0.56800,
,,,-00.000000084400,  -0.56000,
,,,-00.000000084000,  -0.56800,
,,,-00.000000083600,  -0.56800,
,,,-00.000000083200,  -0.56800,
,,,-00.000000082800,  -0.57600,
,,,-00.000000082400,  -0.57600,
,,,-00.000000082000,  -0.56800,
,,,-00.000000081600,  -0.56000,
,,,-00.000000081200,  -0.55200,
,,,-00.000000080800,  -0.55200,
,,,-00.000000080400,  -0.54400,
,,,-00.000000080000,  -0.54400,
,,,-00.000000079600,  -0.54400,
,,,-00.000000079200,  -0.54400,
,,,-00.000000078800,  -0.55200,
,,,-00.000000078400,  -0.54400,
,,,-00.000000078000,  -0.54400,
,,,-00.000000077600,  -0.53600,
,,,-00.000000077200,  -0.52800,
,,,-00.000000076800,  -0.52800,
,,,-00.000000076400,  -0.52000,
,,,-00.000000076000,  -0.52800,
,,,-00.000000075600,  -0.52800,
,,,-00.000000075200,  -0.52800,
,,,-00.000000074800,  -0.52800,
,,,-00.000000074400,  -0.52800,
,,,-00.000000074000,  -0.52000,
,,,-00.000000073600,  -0.52000,
,,,-00.000000073200,  -0.51200,
,,,-00.000000072800,  -0.51200,
,,,-00.000000072400,  -0.51200,
,,,-00.000000072000,  -0.50400,
,,,-00.000000071600,  -0.50400,
,,,-00.000000071200,  -0.49600,
,,,-00.000000070800,  -0.50400,
,,,-00.000000070400,  -0.50400,
,,,-00.000000070000,  -0.50400,
,,,-00.000000069600,  -0.49600,
,,,-00.000000069200,  -0.48800,
,,,-00.000000068800,  -0.48000,
,,,-00.000000068400,  -0.48000,
,,,-00.000000068000,  -0.47200,
,,,-00.000000067600,  -0.48000,
,,,-00.000000067200,  -0.48000,
,,,-00.000000066800,  -0.48000,
,,,-00.000000066400,  -0.48000,
,,,-00.000000066000,  -0.47200,
,,,-00.000000065600,  -0.47200,
,,,-00.000000065200,  -0.46400,
,,,-00.000000064800,  -0.46400,
,,,-00.000000064400,  -0.46400,
,,,-00.000000064000,  -0.46400,
,,,-00.000000063600,  -0.46400,
,,,-00.000000063200,  -0.45600,
,,,-00.000000062800,  -0.45600,
,,,-00.000000062400,  -0.45600,
,,,-00.000000062000,  -0.45600,
,,,-00.000000061600,  -0.44800,
,,,-00.000000061200,  -0.44000,
,,,-00.000000060800,  -0.44000,
,,,-00.000000060400,  -0.43200,
,,,-00.000000060000,  -0.43200,
,,,-00.000000059600,  -0.43200,
,,,-00.000000059200,  -0.43200,
,,,-00.000000058800,  -0.43200,
,,,-00.000000058400,  -0.43200,
,,,-00.000000058000,  -0.42400,
,,,-00.000000057600,  -0.41600,
,,,-00.000000057200,  -0.40800,
,,,-00.000000056800,  -0.40800,
,,,-00.000000056400,  -0.40000,
,,,-00.000000056000,  -0.40000,
,,,-00.000000055600,  -0.40000,
,,,-00.000000055200,  -0.40000,
,,,-00.000000054800,  -0.40000,
,,,-00.000000054400,  -0.40000,
,,,-00.000000054000,  -0.39200,
,,,-00.000000053600,  -0.39200,
,,,-00.000000053200,  -0.38400,
,,,-00.000000052800,  -0.38400,
,,,-00.000000052400,  -0.38400,
,,,-00.000000052000,  -0.38400,
,,,-00.000000051600,  -0.39200,
,,,-00.000000051200,  -0.38400,
,,,-00.000000050800,  -0.38400,
,,,-00.000000050400,  -0.37600,
,,,-00.000000050000,  -0.36800,
,,,-00.000000049600,  -0.36800,
,,,-00.000000049200,  -0.36000,
,,,-00.000000048800,  -0.36000,
,,,-00.000000048400,  -0.36000,
,,,-00.000000048000,  -0.35200,
,,,-00.000000047600,  -0.35200,
,,,-00.000000047200,  -0.35200,
,,,-00.000000046800,  -0.36000,
,,,-00.000000046400,  -0.35200,
,,,-00.000000046000,  -0.35200,
,,,-00.000000045600,  -0.34400,
,,,-00.000000045200,  -0.33600,
,,,-00.000000044800,  -0.33600,
,,,-00.000000044400,  -0.32800,
,,,-00.000000044000,  -0.32000,
,,,-00.000000043600,  -0.32000,
,,,-00.000000043200,  -0.31200,
,,,-00.000000042800,  -0.31200,
,,,-00.000000042400,  -0.31200,
,,,-00.000000042000,  -0.30400,
,,,-00.000000041600,  -0.30400,
,,,-00.000000041200,  -0.30400,
,,,-00.000000040800,  -0.30400,
,,,-00.000000040400,  -0.30400,
,,,-00.000000040000,  -0.30400,
,,,-00.000000039600,  -0.31200,
,,,-00.000000039200,  -0.30400,
,,,-00.000000038800,  -0.30400,
,,,-00.000000038400,  -0.29600,
,,,-00.000000038000,  -0.28800,
,,,-00.000000037600,  -0.28800,
,,,-00.000000037200,  -0.28000,
,,,-00.000000036800,  -0.28000,
,,,-00.000000036400,  -0.28000,
,,,-00.000000036000,  -0.28000,
,,,-00.000000035600,  -0.27200,
,,,-00.000000035200,  -0.26400,
,,,-00.000000034800,  -0.26400,
,,,-00.000000034400,  -0.26400,
,,,-00.000000034000,  -0.25600,
,,,-00.000000033600,  -0.25600,
,,,-00.000000033200,  -0.24800,
,,,-00.000000032800,  -0.24800,
,,,-00.000000032400,  -0.24800,
,,,-00.000000032000,  -0.24800,
,,,-00.000000031600,  -0.24800,
,,,-00.000000031200,  -0.24000,
,,,-00.000000030800,  -0.24000,
,,,-00.000000030400,  -0.23200,
,,,-00.000000030000,  -0.22400,
,,,-00.000000029600,  -0.22400,
,,,-00.000000029200,  -0.21600,
,,,-00.000000028800,  -0.21600,
,,,-00.000000028400,  -0.21600,
,,,-00.000000028000,  -0.20800,
,,,-00.000000027600,  -0.20800,
,,,-00.000000027200,  -0.20800,
,,,-00.000000026800,  -0.20800,
,,,-00.000000026400,  -0.20800,
,,,-00.000000026000,  -0.20000,
,,,-00.000000025600,  -0.20000,
,,,-00.000000025200,  -0.19200,
,,,-00.000000024800,  -0.19200,
,,,-00.000000024400,  -0.18400,
,,,-00.000000024000,  -0.17600,
,,,-00.000000023600,  -0.17600,
,,,-00.000000023200,  -0.16800,
,,,-00.000000022800,  -0.16800,
,,,-00.000000022400,  -0.16800,
,,,-00.000000022000,  -0.16000,
,,,-00.000000021600,  -0.16000,
,,,-00.000000021200,  -0.15200,
,,,-00.000000020800,  -0.15200,
,,,-00.000000020400,  -0.15200,
,,,-00.000000020000,  -0.15200,
,,,-00.000000019600,  -0.14400,
,,,-00.000000019200,  -0.13600,
,,,-00.000000018800,  -0.12800,
,,,-00.000000018400,  -0.12800,
,,,-00.000000018000,  -0.12000,
,,,-00.000000017600,  -0.12000,
,,,-00.000000017200,  -0.12000,
,,,-00.000000016800,  -0.12000,
,,,-00.000000016400,  -0.12000,
,,,-00.000000016000,  -0.11200,
,,,-00.000000015600,  -0.11200,
,,,-00.000000015200,  -0.10400,
,,,-00.000000014800,  -0.10400,
,,,-00.000000014400,  -0.10400,
,,,-00.000000014000,  -0.09600,
,,,-00.000000013600,  -0.09600,
,,,-00.000000013200,  -0.08800,
,,,-00.000000012800,  -0.08800,
,,,-00.000000012400,  -0.08800,
,,,-00.000000012000,  -0.08000,
,,,-00.000000011600,  -0.08000,
,,,-00.000000011200,  -0.07200,
,,,-00.000000010800,  -0.07200,
,,,-00.000000010400,  -0.07200,
,,,-00.000000010000,  -0.07200,
,,,-00.000000009600,  -0.07200,
,,,-00.000000009200,  -0.06400,
,,,-00.000000008800,  -0.06400,
,,,-00.000000008400,  -0.06400,
,,,-00.000000008000,  -0.05600,
,,,-00.000000007600,  -0.05600,
,,,-00.000000007200,  -0.04800,
,,,-00.000000006800,  -0.04800,
,,,-00.000000006400,  -0.04000,
,,,-00.000000006000,  -0.03200,
,,,-00.000000005600,  -0.03200,
,,,-00.000000005200,  -0.03200,
,,,-00.000000004800,  -0.03200,
,,,-00.000000004400,  -0.03200,
,,,-00.000000004000,  -0.02400,
,,,-00.000000003600,  -0.01600,
,,,-00.000000003200,  -0.00800,
,,,-00.000000002800,  -0.00800,
,,,-00.000000002400,   0.00000,
,,,-00.000000002000,   0.00000,
,,,-00.000000001600,   0.00000,
,,,-00.000000001200,   0.00000,
,,,-00.000000000800,   0.00000,
,,,-00.000000000400,   0.00000,
,,,-00.000000000000,   0.00800,
,,,00.000000000400,   0.00800,
,,,00.000000000800,   0.01600,
,,,00.000000001200,   0.01600,
,,,00.000000001600,   0.01600,
,,,00.000000002000,   0.02400,
,,,00.000000002400,   0.01600,
,,,00.000000002800,   0.02400,
,,,00.000000003200,   0.03200,
,,,00.000000003600,   0.04000,
,,,00.000000004000,   0.04800,
,,,00.000000004400,   0.05600,
,,,00.000000004800,   0.06400,
,,,00.000000005200,   0.05600,
,,,00.000000005600,   0.05600,
,,,00.000000006000,   0.05600,
,,,00.000000006400,   0.05600,
,,,00.000000006800,   0.06400,
,,,00.000000007200,   0.06400,
,,,00.000000007600,   0.07200,
,,,00.000000008000,   0.08000,
,,,00.000000008400,   0.08800,
,,,00.000000008800,   0.09600,
,,,00.000000009200,   0.09600,
,,,00.000000009600,   0.09600,
,,,00.000000010000,   0.09600,
,,,00.000000010400,   0.08800,
,,,00.000000010800,   0.09600,
,,,00.000000011200,   0.09600,
,,,00.000000011600,   0.10400,
,,,00.000000012000,   0.11200,
,,,00.000000012400,   0.12000,
,,,00.000000012800,   0.12800,
,,,00.000000013200,   0.12800,
,,,00.000000013600,   0.12800,
,,,00.000000014000,   0.13600,
,,,00.000000014400,   0.13600,
,,,00.000000014800,   0.14400,
,,,00.000000015200,   0.14400,
,,,00.000000015600,   0.14400,
,,,00.000000016000,   0.15200,
,,,00.000000016400,   0.15200,
,,,00.000000016800,   0.16000,
,,,00.000000017200,   0.16000,
,,,00.000000017600,   0.16000,
,,,00.000000018000,   0.16800,
,,,00.000000018400,   0.16800,
,,,00.000000018800,   0.17600,
,,,00.000000019200,   0.17600,
,,,00.000000019600,   0.17600,
,,,00.000000020000,   0.18400,
,,,00.000000020400,   0.18400,
,,,00.000000020800,   0.18400,
,,,00.000000021200,   0.18400,
,,,00.000000021600,   0.18400,
,,,00.000000022000,   0.19200,
,,,00.000000022400,   0.20000,
,,,00.000000022800,   0.20800,
,,,00.000000023200,   0.20800,
,,,00.000000023600,   0.20800,
,,,00.000000024000,   0.20800,
,,,00.000000024400,   0.20800,
,,,00.000000024800,   0.21600,
,,,00.000000025200,   0.21600,
,,,00.000000025600,   0.22400,
,,,00.000000026000,   0.23200,
,,,00.000000026400,   0.23200,
,,,00.000000026800,   0.23200,
,,,00.000000027200,   0.22400,
,,,00.000000027600,   0.23200,
,,,00.000000028000,   0.23200,
,,,00.000000028400,   0.24000,
,,,00.000000028800,   0.24800,
,,,00.000000029200,   0.25600,
,,,00.000000029600,   0.25600,
,,,00.000000030000,   0.26400,
,,,00.000000030400,   0.26400,
,,,00.000000030800,   0.26400,
,,,00.000000031200,   0.26400,
,,,00.000000031600,   0.26400,
,,,00.000000032000,   0.27200,
,,,00.000000032400,   0.27200,
,,,00.000000032800,   0.28000,
,,,00.000000033200,   0.28000,
,,,00.000000033600,   0.28000,
,,,00.000000034000,   0.28800,
,,,00.000000034400,   0.28800,
,,,00.000000034800,   0.29600,
,,,00.000000035200,   0.29600,
,,,00.000000035600,   0.29600,
,,,00.000000036000,   0.30400,
,,,00.000000036400,   0.31200,
,,,00.000000036800,   0.32000,
,,,00.000000037200,   0.32000,
,,,00.000000037600,   0.32000,
,,,00.000000038000,   0.32000,
,,,00.000000038400,   0.32000,
,,,00.000000038800,   0.32000,
,,,00.000000039200,   0.32000,
,,,00.000000039600,   0.32000,
,,,00.000000040000,   0.32800,
,,,00.000000040400,   0.32800,
,,,00.000000040800,   0.33600,
,,,00.000000041200,   0.33600,
,,,00.000000041600,   0.33600,
,,,00.000000042000,   0.33600,
,,,00.000000042400,   0.34400,
,,,00.000000042800,   0.35200,
,,,00.000000043200,   0.35200,
,,,00.000000043600,   0.35200,
,,,00.000000044000,   0.36000,
,,,00.000000044400,   0.36000,
,,,00.000000044800,   0.36800,
,,,00.000000045200,   0.36800,
,,,00.000000045600,   0.36800,
,,,00.000000046000,   0.37600,
,,,00.000000046400,   0.37600,
,,,00.000000046800,   0.38400,
,,,00.000000047200,   0.38400,
,,,00.000000047600,   0.38400,
,,,00.000000048000,   0.39200,
,,,00.000000048400,   0.39200,
,,,00.000000048800,   0.40000,
,,,00.000000049200,   0.40000,
,,,00.000000049600,   0.40000,
,,,00.000000050000,   0.40800,
,,,00.000000050400,   0.40800,
,,,00.000000050800,   0.40800,
,,,00.000000051200,   0.40800,
,,,00.000000051600,   0.40800,
,,,00.000000052000,   0.41600,
,,,00.000000052400,   0.41600,
,,,00.000000052800,   0.42400,
,,,00.000000053200,   0.42400,
,,,00.000000053600,   0.42400,
,,,00.000000054000,   0.42400,
,,,00.000000054400,   0.42400,
,,,00.000000054800,   0.43200,
,,,00.000000055200,   0.43200,
,,,00.000000055600,   0.43200,
,,,00.000000056000,   0.44000,
,,,00.000000056400,   0.44000,
,,,00.000000056800,   0.44800,
,,,00.000000057200,   0.44800,
,,,00.000000057600,   0.44800,
,,,00.000000058000,   0.44800,
,,,00.000000058400,   0.44800,
,,,00.000000058800,   0.45600,
,,,00.000000059200,   0.45600,
,,,00.000000059600,   0.45600,
,,,00.000000060000,   0.46400,
,,,00.000000060400,   0.46400,
,,,00.000000060800,   0.47200,
,,,00.000000061200,   0.47200,
,,,00.000000061600,   0.47200,
,,,00.000000062000,   0.47200,
,,,00.000000062400,   0.47200,
,,,00.000000062800,   0.47200,
,,,00.000000063200,   0.47200,
,,,00.000000063600,   0.47200,
,,,00.000000064000,   0.48000,
,,,00.000000064400,   0.48000,
,,,00.000000064800,   0.48800,
,,,00.000000065200,   0.48800,
,,,00.000000065600,   0.48800,
,,,00.000000066000,   0.49600,
,,,00.000000066400,   0.49600,
,,,00.000000066800,   0.50400,
,,,00.000000067200,   0.50400,
,,,00.000000067600,   0.50400,
,,,00.000000068000,   0.51200,
,,,00.000000068400,   0.51200,
,,,00.000000068800,   0.52000,
,,,00.000000069200,   0.52000,
,,,00.000000069600,   0.52000,
,,,00.000000070000,   0.52800,
,,,00.000000070400,   0.52800,
,,,00.000000070800,   0.52800,
,,,00.000000071200,   0.52800,
,,,00.000000071600,   0.52800,
,,,00.000000072000,   0.53600,
,,,00.000000072400,   0.53600,
,,,00.000000072800,   0.54400,
,,,00.000000073200,   0.54400,
,,,00.000000073600,   0.54400,
,,,00.000000074000,   0.54400,
,,,00.000000074400,   0.54400,
,,,00.000000074800,   0.54400,
,,,00.000000075200,   0.54400,
,,,00.000000075600,   0.54400,
,,,00.000000076000,   0.55200,
,,,00.000000076400,   0.55200,
,,,00.000000076800,   0.56000,
,,,00.000000077200,   0.56000,
,,,00.000000077600,   0.56000,
,,,00.000000078000,   0.56000,
,,,00.000000078400,   0.56000,
,,,00.000000078800,   0.56800,
,,,00.000000079200,   0.56800,
,,,00.000000079600,   0.56800,
,,,00.000000080000,   0.57600,
,,,00.000000080400,   0.57600,
,,,00.000000080800,   0.57600,
,,,00.000000081200,   0.57600,
,,,00.000000081600,   0.57600,
,,,00.000000082000,   0.57600,
,,,00.000000082400,   0.57600,
,,,00.000000082800,   0.58400,
,,,00.000000083200,   0.58400,
,,,00.000000083600,   0.58400,
,,,00.000000084000,   0.59200,
,,,00.000000084400,   0.59200,
,,,00.000000084800,   0.59200,
,,,00.000000085200,   0.59200,
,,,00.000000085600,   0.59200,
,,,00.000000086000,   0.60000,
,,,00.000000086400,   0.60000,
,,,00.000000086800,   0.60800,
,,,00.000000087200,   0.60800,
,,,00.000000087600,   0.60800,
,,,00.000000088000,   0.60800,
,,,00.000000088400,   0.60800,
,,,00.000000088800,   0.60800,
,,,00.000000089200,   0.60800,
,,,00.000000089600,   0.60800,
,,,00.000000090000,   0.60800,
,,,00.000000090400,   0.60800,
,,,00.000000090800,   0.60800,
,,,00.000000091200,   0.60800,
,,,00.000000091600,   0.60800,
,,,00.000000092000,   0.61600,
,,,00.000000092400,   0.61600,
,,,00.000000092800,   0.61600,
,,,00.000000093200,   0.61600,
,,,00.000000093600,   0.61600,
,,,00.000000094000,   0.61600,
,,,00.000000094400,   0.61600,
,,,00.000000094800,   0.62400,
,,,00.000000095200,   0.62400,
,,,00.000000095600,   0.62400,
,,,00.000000096000,   0.63200,
,,,00.000000096400,   0.63200,
,,,00.000000096800,   0.64000,
,,,00.000000097200,   0.63200,
,,,00.000000097600,   0.63200,
,,,00.000000098000,   0.63200,
,,,00.000000098400,   0.62400,
,,,00.000000098800,   0.63200,
,,,00.000000099200,   0.63200,
,,,00.000000099600,   0.63200,
,,,00.000000100000,   0.64000,
,,,00.000000100400,   0.64000,
,,,00.000000100800,   0.64000,
,,,00.000000101200,   0.64000,
,,,00.000000101600,   0.64000,
,,,00.000000102000,   0.64000,
,,,00.000000102400,   0.64000,
,,,00.000000102800,   0.64000,
,,,00.000000103200,   0.64000,
,,,00.000000103600,   0.64000,
,,,00.000000104000,   0.64000,
,,,00.000000104400,   0.64000,
,,,00.000000104800,   0.64800,
,,,00.000000105200,   0.64800,
,,,00.000000105600,   0.64800,
,,,00.000000106000,   0.64800,
,,,00.000000106400,   0.64800,
,,,00.000000106800,   0.64800,
,,,00.000000107200,   0.64800,
,,,00.000000107600,   0.64800,
,,,00.000000108000,   0.65600,
,,,00.000000108400,   0.65600,
,,,00.000000108800,   0.66400,
,,,00.000000109200,   0.66400,
,,,00.000000109600,   0.66400,
,,,00.000000110000,   0.66400,
,,,00.000000110400,   0.66400,
,,,00.000000110800,   0.67200,
,,,00.000000111200,   0.67200,
,,,00.000000111600,   0.67200,
,,,00.000000112000,   0.66400,
,,,00.000000112400,   0.66400,
,,,00.000000112800,   0.66400,
,,,00.000000113200,   0.66400,
,,,00.000000113600,   0.66400,
,,,00.000000114000,   0.66400,
,,,00.000000114400,   0.66400,
,,,00.000000114800,   0.66400,
,,,00.000000115200,   0.66400,
,,,00.000000115600,   0.66400,
,,,00.000000116000,   0.66400,
,,,00.000000116400,   0.66400,
,,,00.000000116800,   0.66400,
,,,00.000000117200,   0.66400,
,,,00.000000117600,   0.66400,
,,,00.000000118000,   0.66400,
,,,00.000000118400,   0.66400,
,,,00.000000118800,   0.66400,
,,,00.000000119200,   0.65600,
,,,00.000000119600,   0.65600,
,,,00.000000120000,   0.65600,
,,,00.000000120400,   0.65600,
,,,00.000000120800,   0.66400,
,,,00.000000121200,   0.65600,
,,,00.000000121600,   0.65600,
,,,00.000000122000,   0.65600,
,,,00.000000122400,   0.65600,
,,,00.000000122800,   0.66400,
,,,00.000000123200,   0.66400,
,,,00.000000123600,   0.66400,
,,,00.000000124000,   0.66400,
,,,00.000000124400,   0.66400,
,,,00.000000124800,   0.66400,
,,,00.000000125200,   0.65600,
,,,00.000000125600,   0.65600,
,,,00.000000126000,   0.65600,
,,,00.000000126400,   0.65600,
,,,00.000000126800,   0.65600,
,,,00.000000127200,   0.64800,
,,,00.000000127600,   0.64800,
,,,00.000000128000,   0.64800,
,,,00.000000128400,   0.64800,
,,,00.000000128800,   0.64800,
,,,00.000000129200,   0.64000,
,,,00.000000129600,   0.64000,
,,,00.000000130000,   0.64000,
,,,00.000000130400,   0.63200,
,,,00.000000130800,   0.64000,
,,,00.000000131200,   0.64000,
,,,00.000000131600,   0.64000,
,,,00.000000132000,   0.64000,
,,,00.000000132400,   0.64000,
,,,00.000000132800,   0.64000,
,,,00.000000133200,   0.64000,
,,,00.000000133600,   0.64000,
,,,00.000000134000,   0.63200,
,,,00.000000134400,   0.63200,
,,,00.000000134800,   0.63200,
,,,00.000000135200,   0.63200,
,,,00.000000135600,   0.63200,
,,,00.000000136000,   0.62400,
,,,00.000000136400,   0.62400,
,,,00.000000136800,   0.62400,
,,,00.000000137200,   0.62400,
,,,00.000000137600,   0.62400,
,,,00.000000138000,   0.61600,
,,,00.000000138400,   0.61600,
,,,00.000000138800,   0.61600,
,,,00.000000139200,   0.60800,
,,,00.000000139600,   0.60800,
,,,00.000000140000,   0.60800,
,,,00.000000140400,   0.60800,
,,,00.000000140800,   0.61600,
,,,00.000000141200,   0.60800,
,,,00.000000141600,   0.60800,
,,,00.000000142000,   0.60800,
,,,00.000000142400,   0.60800,
,,,00.000000142800,   0.60800,
,,,00.000000143200,   0.60000,
,,,00.000000143600,   0.60000,
,,,00.000000144000,   0.60000,
,,,00.000000144400,   0.60000,
,,,00.000000144800,   0.60000,
,,,00.000000145200,   0.59200,
,,,00.000000145600,   0.59200,
,,,00.000000146000,   0.58400,
,,,00.000000146400,   0.58400,
,,,00.000000146800,   0.58400,
,,,00.000000147200,   0.58400,
,,,00.000000147600,   0.58400,
,,,00.000000148000,   0.58400,
,,,00.000000148400,   0.58400,
,,,00.000000148800,   0.58400,
,,,00.000000149200,   0.57600,
,,,00.000000149600,   0.57600,
,,,00.000000150000,   0.56800,
,,,00.000000150400,   0.56800,
,,,00.000000150800,   0.56800,
,,,00.000000151200,   0.56800,
,,,00.000000151600,   0.56800,
,,,00.000000152000,   0.57600,
,,,00.000000152400,   0.57600,
,,,00.000000152800,   0.57600,
,,,00.000000153200,   0.56800,
,,,00.000000153600,   0.56000,
,,,00.000000154000,   0.55200,
,,,00.000000154400,   0.55200,
,,,00.000000154800,   0.55200,
,,,00.000000155200,   0.55200,
,,,00.000000155600,   0.55200,
,,,00.000000156000,   0.54400,
,,,00.000000156400,   0.54400,
,,,00.000000156800,   0.54400,
,,,00.000000157200,   0.54400,
,,,00.000000157600,   0.54400,
,,,00.000000158000,   0.54400,
,,,00.000000158400,   0.54400,
,,,00.000000158800,   0.54400,
,,,00.000000159200,   0.53600,
,,,00.000000159600,   0.52800,
,,,00.000000160000,   0.52000,
,,,00.000000160400,   0.52000,
,,,00.000000160800,   0.52000,
,,,00.000000161200,   0.52000,
,,,00.000000161600,   0.52000,
,,,00.000000162000,   0.51200,
,,,00.000000162400,   0.51200,
,,,00.000000162800,   0.51200,
,,,00.000000163200,   0.51200,
,,,00.000000163600,   0.51200,
,,,00.000000164000,   0.50400,
,,,00.000000164400,   0.50400,
,,,00.000000164800,   0.50400,
,,,00.000000165200,   0.49600,
,,,00.000000165600,   0.49600,
,,,00.000000166000,   0.49600,
,,,00.000000166400,   0.49600,
,,,00.000000166800,   0.49600,
,,,00.000000167200,   0.48800,
,,,00.000000167600,   0.48800,
,,,00.000000168000,   0.48800,
,,,00.000000168400,   0.48800,
,,,00.000000168800,   0.48800,
,,,00.000000169200,   0.48800,
,,,00.000000169600,   0.48800,
,,,00.000000170000,   0.48000,
,,,00.000000170400,   0.47200,
,,,00.000000170800,   0.47200,
,,,00.000000171200,   0.46400,
,,,00.000000171600,   0.46400,
,,,00.000000172000,   0.45600,
,,,00.000000172400,   0.45600,
,,,00.000000172800,   0.45600,
,,,00.000000173200,   0.45600,
,,,00.000000173600,   0.45600,
,,,00.000000174000,   0.46400,
,,,00.000000174400,   0.46400,
,,,00.000000174800,   0.46400,
,,,00.000000175200,   0.45600,
,,,00.000000175600,   0.44800,
,,,00.000000176000,   0.44800,
,,,00.000000176400,   0.44800,
,,,00.000000176800,   0.44800,
,,,00.000000177200,   0.44000,
,,,00.000000177600,   0.44000,
,,,00.000000178000,   0.43200,
,,,00.000000178400,   0.42400,
,,,00.000000178800,   0.42400,
,,,00.000000179200,   0.41600,
,,,00.000000179600,   0.42400,
,,,00.000000180000,   0.42400,
,,,00.000000180400,   0.42400,
,,,00.000000180800,   0.42400,
,,,00.000000181200,   0.41600,
,,,00.000000181600,   0.41600,
,,,00.000000182000,   0.40800,
,,,00.000000182400,   0.40800,
,,,00.000000182800,   0.40800,
,,,00.000000183200,   0.40800,
,,,00.000000183600,   0.40800,
,,,00.000000184000,   0.40800,
,,,00.000000184400,   0.40800,
,,,00.000000184800,   0.40800,
,,,00.000000185200,   0.40000,
,,,00.000000185600,   0.39200,
,,,00.000000186000,   0.38400,
,,,00.000000186400,   0.37600,
,,,00.000000186800,   0.37600,
,,,00.000000187200,   0.36800,
,,,00.000000187600,   0.36800,
,,,00.000000188000,   0.36800,
,,,00.000000188400,   0.36800,
,,,00.000000188800,   0.37600,
,,,00.000000189200,   0.36800,
,,,00.000000189600,   0.36000,
,,,00.000000190000,   0.35200,
,,,00.000000190400,   0.35200,
,,,00.000000190800,   0.35200,
,,,00.000000191200,   0.34400,
,,,00.000000191600,   0.34400,
,,,00.000000192000,   0.33600,
,,,00.000000192400,   0.33600,
,,,00.000000192800,   0.33600,
,,,00.000000193200,   0.32800,
,,,00.000000193600,   0.32800,
,,,00.000000194000,   0.32800,
,,,00.000000194400,   0.32800,
,,,00.000000194800,   0.32800,
,,,00.000000195200,   0.32000,
,,,00.000000195600,   0.32000,
,,,00.000000196000,   0.31200,
,,,00.000000196400,   0.31200,
,,,00.000000196800,   0.31200,
,,,00.000000197200,   0.30400,
,,,00.000000197600,   0.30400,
,,,00.000000198000,   0.29600,
,,,00.000000198400,   0.29600,
,,,00.000000198800,   0.29600,
,,,00.000000199200,   0.28800,
,,,00.000000199600,   0.28800,
,,,00.000000200000,   0.28000,
,,,00.000000200400,   0.28000,
,,,00.000000200800,   0.28000,
,,,00.000000201200,   0.28000,
,,,00.000000201600,   0.28000,
,,,00.000000202000,   0.28800,
,,,00.000000202400,   0.28000,
,,,00.000000202800,   0.28000,
,,,00.000000203200,   0.27200,
,,,00.000000203600,   0.26400,
,,,00.000000204000,   0.26400,
,,,00.000000204400,   0.26400,
,,,00.000000204800,   0.26400,
,,,00.000000205200,   0.26400,
,,,00.000000205600,   0.26400,
,,,00.000000206000,   0.26400,
,,,00.000000206400,   0.25600,
,,,00.000000206800,   0.25600,
,,,00.000000207200,   0.24800,
,,,00.000000207600,   0.24000,
,,,00.000000208000,   0.23200,
,,,00.000000208400,   0.22400,
,,,00.000000208800,   0.22400,
,,,00.000000209200,   0.21600,
,,,00.000000209600,   0.21600,
,,,00.000000210000,   0.21600,
,,,00.000000210400,   0.21600,
,,,00.000000210800,   0.21600,
,,,00.000000211200,   0.21600,
,,,00.000000211600,   0.21600,
,,,00.000000212000,   0.21600,
,,,00.000000212400,   0.20800,
,,,00.000000212800,   0.20800,
,,,00.000000213200,   0.20000,
,,,00.000000213600,   0.19200,
,,,00.000000214000,   0.19200,
,,,00.000000214400,   0.19200,
,,,00.000000214800,   0.19200,
,,,00.000000215200,   0.18400,
,,,00.000000215600,   0.18400,
,,,00.000000216000,   0.17600,
,,,00.000000216400,   0.17600,
,,,00.000000216800,   0.17600,
,,,00.000000217200,   0.17600,
,,,00.000000217600,   0.17600,
,,,00.000000218000,   0.17600,
,,,00.000000218400,   0.16800,
,,,00.000000218800,   0.16800,
,,,00.000000219200,   0.16000,
,,,00.000000219600,   0.15200,
,,,00.000000220000,   0.14400,
,,,00.000000220400,   0.14400,
,,,00.000000220800,   0.14400,
,,,00.000000221200,   0.13600,
,,,00.000000221600,   0.13600,
,,,00.000000222000,   0.12800,
,,,00.000000222400,   0.12800,
,,,00.000000222800,   0.12800,
,,,00.000000223200,   0.12800,
,,,00.000000223600,   0.12800,
,,,00.000000224000,   0.13600,
,,,00.000000224400,   0.12800,
,,,00.000000224800,   0.12800,
,,,00.000000225200,   0.12000,
,,,00.000000225600,   0.11200,
,,,00.000000226000,   0.10400,
,,,00.000000226400,   0.10400,
,,,00.000000226800,   0.10400,
,,,00.000000227200,   0.09600,
,,,00.000000227600,   0.09600,
,,,00.000000228000,   0.09600,
,,,00.000000228400,   0.09600,
,,,00.000000228800,   0.09600,
,,,00.000000229200,   0.08800,
,,,00.000000229600,   0.08800,
,,,00.000000230000,   0.08000,
,,,00.000000230400,   0.07200,
,,,00.000000230800,   0.07200,
,,,00.000000231200,   0.06400,
,,,00.000000231600,   0.06400,
,,,00.000000232000,   0.05600,
,,,00.000000232400,   0.05600,
,,,00.000000232800,   0.05600,
,,,00.000000233200,   0.04800,
,,,00.000000233600,   0.04800,
,,,00.000000234000,   0.04800,
,,,00.000000234400,   0.04800,
,,,00.000000234800,   0.04800,
,,,00.000000235200,   0.04800,
,,,00.000000235600,   0.04800,
,,,00.000000236000,   0.04000,
,,,00.000000236400,   0.04000,
,,,00.000000236800,   0.03200,
,,,00.000000237200,   0.02400,
,,,00.000000237600,   0.01600,
,,,00.000000238000,   0.00800,
,,,00.000000238400,   0.00800,
,,,00.000000238800,   0.00800,
,,,00.000000239200,   0.00000,
,,,00.000000239600,   0.00000,
,,,00.000000240000,   0.00000,
,,,00.000000240400,   0.00000,
,,,00.000000240800,   0.00000,
,,,00.000000241200,  -0.00800,
,,,00.000000241600,  -0.00800,
,,,00.000000242000,  -0.01600,
,,,00.000000242400,  -0.02400,
,,,00.000000242800,  -0.02400,
,,,00.000000243200,  -0.02400,
,,,00.000000243600,  -0.02400,
,,,00.000000244000,  -0.03200,
,,,00.000000244400,  -0.03200,
,,,00.000000244800,  -0.03200,
,,,00.000000245200,  -0.03200,
,,,00.000000245600,  -0.03200,
,,,00.000000246000,  -0.04000,
,,,00.000000246400,  -0.04000,
,,,00.000000246800,  -0.04000,
,,,00.000000247200,  -0.04800,
,,,00.000000247600,  -0.04800,
,,,00.000000248000,  -0.05600,
,,,00.000000248400,  -0.05600,
,,,00.000000248800,  -0.05600,
,,,00.000000249200,  -0.06400,
,,,00.000000249600,  -0.06400,
,,,00.000000250000,  -0.07200,
,,,00.000000250400,  -0.07200,
,,,00.000000250800,  -0.07200,
,,,00.000000251200,  -0.08000,
,,,00.000000251600,  -0.08800,
,,,00.000000252000,  -0.09600,
,,,00.000000252400,  -0.09600,
,,,00.000000252800,  -0.09600,
,,,00.000000253200,  -0.10400,
,,,00.000000253600,  -0.10400,
,,,00.000000254000,  -0.11200,
,,,00.000000254400,  -0.11200,
,,,00.000000254800,  -0.11200,
,,,00.000000255200,  -0.12000,
,,,00.000000255600,  -0.12000,
,,,00.000000256000,  -0.12800,
,,,00.000000256400,  -0.12800,
,,,00.000000256800,  -0.12800,
,,,00.000000257200,  -0.12800,
,,,00.000000257600,  -0.12800,
,,,00.000000258000,  -0.13600,
,,,00.000000258400,  -0.14400,
,,,00.000000258800,  -0.14400,
,,,00.000000259200,  -0.15200,
,,,00.000000259600,  -0.14400,
,,,00.000000260000,  -0.14400,
,,,00.000000260400,  -0.14400,
,,,00.000000260800,  -0.14400,
,,,00.000000261200,  -0.15200,
,,,00.000000261600,  -0.16000,
,,,00.000000262000,  -0.16000,
,,,00.000000262400,  -0.16000,
,,,00.000000262800,  -0.16000,
,,,00.000000263200,  -0.16000,
,,,00.000000263600,  -0.16000,
,,,00.000000264000,  -0.16800,
,,,00.000000264400,  -0.17600,
,,,00.000000264800,  -0.17600,
,,,00.000000265200,  -0.18400,
,,,00.000000265600,  -0.18400,
,,,00.000000266000,  -0.19200,
,,,00.000000266400,  -0.19200,
,,,00.000000266800,  -0.19200,
,,,00.000000267200,  -0.20000,
,,,00.000000267600,  -0.20800,
,,,00.000000268000,  -0.21600,
,,,00.000000268400,  -0.21600,
,,,00.000000268800,  -0.21600,
,,,00.000000269200,  -0.21600,
,,,00.000000269600,  -0.21600,
,,,00.000000270000,  -0.21600,
,,,00.000000270400,  -0.21600,
,,,00.000000270800,  -0.21600,
,,,00.000000271200,  -0.22400,
,,,00.000000271600,  -0.22400,
,,,00.000000272000,  -0.23200,
,,,00.000000272400,  -0.24000,
,,,00.000000272800,  -0.24000,
,,,00.000000273200,  -0.24800,
,,,00.000000273600,  -0.24800,
,,,00.000000274000,  -0.24800,
,,,00.000000274400,  -0.24800,
,,,00.000000274800,  -0.24800,
,,,00.000000275200,  -0.24800,
,,,00.000000275600,  -0.24800,
,,,00.000000276000,  -0.25600,
,,,00.000000276400,  -0.26400,
,,,00.000000276800,  -0.26400,
,,,00.000000277200,  -0.27200,
,,,00.000000277600,  -0.27200,
,,,00.000000278000,  -0.27200,
,,,00.000000278400,  -0.27200,
,,,00.000000278800,  -0.27200,
,,,00.000000279200,  -0.28000,
,,,00.000000279600,  -0.28000,
,,,00.000000280000,  -0.28800,
,,,00.000000280400,  -0.28800,
,,,00.000000280800,  -0.28800,
,,,00.000000281200,  -0.28800,
,,,00.000000281600,  -0.28800,
,,,00.000000282000,  -0.29600,
,,,00.000000282400,  -0.29600,
,,,00.000000282800,  -0.29600,
,,,00.000000283200,  -0.30400,
,,,00.000000283600,  -0.30400,
,,,00.000000284000,  -0.31200,
,,,00.000000284400,  -0.31200,
,,,00.000000284800,  -0.31200,
,,,00.000000285200,  -0.32000,
,,,00.000000285600,  -0.32000,
,,,00.000000286000,  -0.32000,
,,,00.000000286400,  -0.32000,
,,,00.000000286800,  -0.32000,
,,,00.000000287200,  -0.32800,
,,,00.000000287600,  -0.32800,
,,,00.000000288000,  -0.33600,
,,,00.000000288400,  -0.34400,
,,,00.000000288800,  -0.34400,
,,,00.000000289200,  -0.34400,
,,,00.000000289600,  -0.34400,
,,,00.000000290000,  -0.35200,
,,,00.000000290400,  -0.35200,
,,,00.000000290800,  -0.35200,
,,,00.000000291200,  -0.35200,
,,,00.000000291600,  -0.35200,
,,,00.000000292000,  -0.35200,
,,,00.000000292400,  -0.36000,
,,,00.000000292800,  -0.36000,
,,,00.000000293200,  -0.36800,
,,,00.000000293600,  -0.37600,
,,,00.000000294000,  -0.37600,
,,,00.000000294400,  -0.37600,
,,,00.000000294800,  -0.37600,
,,,00.000000295200,  -0.38400,
,,,00.000000295600,  -0.38400,
,,,00.000000296000,  -0.39200,
,,,00.000000296400,  -0.39200,
,,,00.000000296800,  -0.39200,
,,,00.000000297200,  -0.40000,
,,,00.000000297600,  -0.40000,
,,,00.000000298000,  -0.40000,
,,,00.000000298400,  -0.40000,
,,,00.000000298800,  -0.40000,
,,,00.000000299200,  -0.40800,
,,,00.000000299600,  -0.40800,
,,,00.000000300000,  -0.40800,
,,,00.000000300400,  -0.40800,
,,,00.000000300800,  -0.40800,
,,,00.000000301200,  -0.41600,
,,,00.000000301600,  -0.41600,
,,,00.000000302000,  -0.42400,
,,,00.000000302400,  -0.42400,
,,,00.000000302800,  -0.42400,
,,,00.000000303200,  -0.43200,
,,,00.000000303600,  -0.43200,
,,,00.000000304000,  -0.43200,
,,,00.000000304400,  -0.43200,
,,,00.000000304800,  -0.43200,
,,,00.000000305200,  -0.43200,
,,,00.000000305600,  -0.43200,
,,,00.000000306000,  -0.44000,
,,,00.000000306400,  -0.44800,
,,,00.000000306800,  -0.44800,
,,,00.000000307200,  -0.45600,
,,,00.000000307600,  -0.45600,
,,,00.000000308000,  -0.45600,
,,,00.000000308400,  -0.45600,
,,,00.000000308800,  -0.45600,
,,,00.000000309200,  -0.46400,
,,,00.000000309600,  -0.47200,
,,,00.000000310000,  -0.48000,
,,,00.000000310400,  -0.48000,
,,,00.000000310800,  -0.48000,
,,,00.000000311200,  -0.48000,
,,,00.000000311600,  -0.48000,
,,,00.000000312000,  -0.48000,
,,,00.000000312400,  -0.48000,
,,,00.000000312800,  -0.48000,
,,,00.000000313200,  -0.48800,
,,,00.000000313600,  -0.49600,
,,,00.000000314000,  -0.49600,
,,,00.000000314400,  -0.49600,
,,,00.000000314800,  -0.49600,
,,,00.000000315200,  -0.50400,
,,,00.000000315600,  -0.50400,
,,,00.000000316000,  -0.50400,
,,,00.000000316400,  -0.50400,
,,,00.000000316800,  -0.49600,
,,,00.000000317200,  -0.50400,
,,,00.000000317600,  -0.50400,
,,,00.000000318000,  -0.51200,
,,,00.000000318400,  -0.51200,
,,,00.000000318800,  -0.51200,
,,,00.000000319200,  -0.52000,
,,,00.000000319600,  -0.52000,
,,,00.000000320000,  -0.52000,
,,,00.000000320400,  -0.52000,
,,,00.000000320800,  -0.52000,
,,,00.000000321200,  -0.52000,
,,,00.000000321600,  -0.52000,
,,,00.000000322000,  -0.52800,
,,,00.000000322400,  -0.52800,
,,,00.000000322800,  -0.52800,
,,,00.000000323200,  -0.53600,
,,,00.000000323600,  -0.53600,
,,,00.000000324000,  -0.53600,
,,,00.000000324400,  -0.53600,
,,,00.000000324800,  -0.53600,
,,,00.000000325200,  -0.54400,
,,,00.000000325600,  -0.54400,
,,,00.000000326000,  -0.54400,
,,,00.000000326400,  -0.54400,
,,,00.000000326800,  -0.54400,
,,,00.000000327200,  -0.55200,
,,,00.000000327600,  -0.55200,
,,,00.000000328000,  -0.55200,
,,,00.000000328400,  -0.55200,
,,,00.000000328800,  -0.54400,
,,,00.000000329200,  -0.55200,
,,,00.000000329600,  -0.55200,
,,,00.000000330000,  -0.55200,
,,,00.000000330400,  -0.55200,
,,,00.000000330800,  -0.55200,
,,,00.000000331200,  -0.56000,
,,,00.000000331600,  -0.56000,
,,,00.000000332000,  -0.56800,
,,,00.000000332400,  -0.56800,
,,,00.000000332800,  -0.56800,
,,,00.000000333200,  -0.57600,
,,,00.000000333600,  -0.57600,
,,,00.000000334000,  -0.58400,
,,,00.000000334400,  -0.58400,
,,,00.000000334800,  -0.58400,
,,,00.000000335200,  -0.58400,
,,,00.000000335600,  -0.58400,
,,,00.000000336000,  -0.59200,
,,,00.000000336400,  -0.59200,
,,,00.000000336800,  -0.59200,
,,,00.000000337200,  -0.59200,
,,,00.000000337600,  -0.59200,
,,,00.000000338000,  -0.59200,
,,,00.000000338400,  -0.59200,
,,,00.000000338800,  -0.59200,
,,,00.000000339200,  -0.60000,
,,,00.000000339600,  -0.60000,
,,,00.000000340000,  -0.60800,
,,,00.000000340400,  -0.60800,
,,,00.000000340800,  -0.60800,
,,,00.000000341200,  -0.60800,
,,,00.000000341600,  -0.60800,
,,,00.000000342000,  -0.61600,
,,,00.000000342400,  -0.61600,
,,,00.000000342800,  -0.61600,
,,,00.000000343200,  -0.61600,
,,,00.000000343600,  -0.61600,
,,,00.000000344000,  -0.61600,
,,,00.000000344400,  -0.61600,
,,,00.000000344800,  -0.61600,
,,,00.000000345200,  -0.62400,
,,,00.000000345600,  -0.61600,
,,,00.000000346000,  -0.61600,
,,,00.000000346400,  -0.61600,
,,,00.000000346800,  -0.60800,
,,,00.000000347200,  -0.61600,
,,,00.000000347600,  -0.61600,
,,,00.000000348000,  -0.61600,
,,,00.000000348400,  -0.62400,
,,,00.000000348800,  -0.61600,
,,,00.000000349200,  -0.61600,
,,,00.000000349600,  -0.61600,
,,,00.000000350000,  -0.60800,
,,,00.000000350400,  -0.61600,
,,,00.000000350800,  -0.61600,
,,,00.000000351200,  -0.62400,
,,,00.000000351600,  -0.63200,
,,,00.000000352000,  -0.64000,
,,,00.000000352400,  -0.64800,
,,,00.000000352800,  -0.64800,
,,,00.000000353200,  -0.64800,
,,,00.000000353600,  -0.64800,
,,,00.000000354000,  -0.64800,
,,,00.000000354400,  -0.64800,
,,,00.000000354800,  -0.64800,
,,,00.000000355200,  -0.64800,
,,,00.000000355600,  -0.64800,
,,,00.000000356000,  -0.64000,
,,,00.000000356400,  -0.64800,
,,,00.000000356800,  -0.64800,
,,,00.000000357200,  -0.65600,
,,,00.000000357600,  -0.65600,
,,,00.000000358000,  -0.65600,
,,,00.000000358400,  -0.65600,
,,,00.000000358800,  -0.65600,
,,,00.000000359200,  -0.65600,
,,,00.000000359600,  -0.65600,
,,,00.000000360000,  -0.65600,
,,,00.000000360400,  -0.65600,
,,,00.000000360800,  -0.65600,
,,,00.000000361200,  -0.65600,
,,,00.000000361600,  -0.65600,
,,,00.000000362000,  -0.65600,
,,,00.000000362400,  -0.65600,
,,,00.000000362800,  -0.65600,
,,,00.000000363200,  -0.66400,
,,,00.000000363600,  -0.66400,
,,,00.000000364000,  -0.67200,
,,,00.000000364400,  -0.67200,
,,,00.000000364800,  -0.67200,
,,,00.000000365200,  -0.67200,
,,,00.000000365600,  -0.67200,
,,,00.000000366000,  -0.67200,
,,,00.000000366400,  -0.67200,
,,,00.000000366800,  -0.67200,
,,,00.000000367200,  -0.68000,
,,,00.000000367600,  -0.67200,
,,,00.000000368000,  -0.67200,
,,,00.000000368400,  -0.67200,
,,,00.000000368800,  -0.66400,
,,,00.000000369200,  -0.67200,
,,,00.000000369600,  -0.67200,
,,,00.000000370000,  -0.68000,
,,,00.000000370400,  -0.68000,
,,,00.000000370800,  -0.67200,
,,,00.000000371200,  -0.67200,
,,,00.000000371600,  -0.66400,
,,,00.000000372000,  -0.65600,
,,,00.000000372400,  -0.66400,
,,,00.000000372800,  -0.66400,
,,,00.000000373200,  -0.67200,
,,,00.000000373600,  -0.66400,
,,,00.000000374000,  -0.66400,
,,,00.000000374400,  -0.66400,
,,,00.000000374800,  -0.65600,
,,,00.000000375200,  -0.65600,
,,,00.000000375600,  -0.65600,
,,,00.000000376000,  -0.66400,
,,,00.000000376400,  -0.66400,
,,,00.000000376800,  -0.66400,
,,,00.000000377200,  -0.66400,
,,,00.000000377600,  -0.66400,
,,,00.000000378000,  -0.65600,
,,,00.000000378400,  -0.65600,
,,,00.000000378800,  -0.65600,
,,,00.000000379200,  -0.65600,
,,,00.000000379600,  -0.65600,
,,,00.000000380000,  -0.65600,
,,,00.000000380400,  -0.65600,
,,,00.000000380800,  -0.65600,
,,,00.000000381200,  -0.65600,
,,,00.000000381600,  -0.65600,
,,,00.000000382000,  -0.65600,
,,,00.000000382400,  -0.65600,
,,,00.000000382800,  -0.65600,
,,,00.000000383200,  -0.66400,
,,,00.000000383600,  -0.66400,
,,,00.000000384000,  -0.66400,
,,,00.000000384400,  -0.67200,
,,,00.000000384800,  -0.66400,
,,,00.000000385200,  -0.66400,
,,,00.000000385600,  -0.66400,
,,,00.000000386000,  -0.65600,
,,,00.000000386400,  -0.65600,
,,,00.000000386800,  -0.65600,
,,,00.000000387200,  -0.66400,
,,,00.000000387600,  -0.65600,
,,,00.000000388000,  -0.65600,
,,,00.000000388400,  -0.64800,
,,,00.000000388800,  -0.64000,
,,,00.000000389200,  -0.64000,
,,,00.000000389600,  -0.64000,
,,,00.000000390000,  -0.64000,
,,,00.000000390400,  -0.64000,
,,,00.000000390800,  -0.64000,
,,,00.000000391200,  -0.64000,
,,,00.000000391600,  -0.64000,
,,,00.000000392000,  -0.64000,
,,,00.000000392400,  -0.64000,
,,,00.000000392800,  -0.63200,
,,,00.000000393200,  -0.63200,
,,,00.000000393600,  -0.63200,
,,,00.000000394000,  -0.64000,
,,,00.000000394400,  -0.64000,
,,,00.000000394800,  -0.64000,
,,,00.000000395200,  -0.64000,
,,,00.000000395600,  -0.64000,
,,,00.000000396000,  -0.64800,
,,,00.000000396400,  -0.64800,
,,,00.000000396800,  -0.64800,
,,,00.000000397200,  -0.64800,
,,,00.000000397600,  -0.64000,
,,,00.000000398000,  -0.63200,
,,,00.000000398400,  -0.63200,
,,,00.000000398800,  -0.63200,
,,,00.000000399200,  -0.63200,
,,,00.000000399600,  -0.63200,
,,,00.000000400000,  -0.62400,
,,,00.000000400400,  -0.62400,
,,,00.000000400800,  -0.62400,
,,,00.000000401200,  -0.62400,
,,,00.000000401600,  -0.62400,
,,,00.000000402000,  -0.62400,
,,,00.000000402400,  -0.62400,
,,,00.000000402800,  -0.61600,
,,,00.000000403200,  -0.61600,
,,,00.000000403600,  -0.61600,
,,,00.000000404000,  -0.60800,
,,,00.000000404400,  -0.60800,
,,,00.000000404800,  -0.60800,
,,,00.000000405200,  -0.61600,
,,,00.000000405600,  -0.60800,
,,,00.000000406000,  -0.60800,
,,,00.000000406400,  -0.60000,
,,,00.000000406800,  -0.59200,
,,,00.000000407200,  -0.59200,
,,,00.000000407600,  -0.59200,
,,,00.000000408000,  -0.59200,
,,,00.000000408400,  -0.59200,
,,,00.000000408800,  -0.58400,
,,,00.000000409200,  -0.59200,
,,,00.000000409600,  -0.59200,
,,,00.000000410000,  -0.59200,
,,,00.000000410400,  -0.59200,
,,,00.000000410800,  -0.58400,
,,,00.000000411200,  -0.58400,
,,,00.000000411600,  -0.57600,
,,,00.000000412000,  -0.58400,
,,,00.000000412400,  -0.58400,
,,,00.000000412800,  -0.58400,
,,,00.000000413200,  -0.58400,
,,,00.000000413600,  -0.57600,
,,,00.000000414000,  -0.56800,
,,,00.000000414400,  -0.57600,
,,,00.000000414800,  -0.57600,
,,,00.000000415200,  -0.58400,
,,,00.000000415600,  -0.57600,
,,,00.000000416000,  -0.57600,
,,,00.000000416400,  -0.57600,
,,,00.000000416800,  -0.56800,
,,,00.000000417200,  -0.56800,
,,,00.000000417600,  -0.56800,
,,,00.000000418000,  -0.56000,
,,,00.000000418400,  -0.56000,
,,,00.000000418800,  -0.56000,
,,,00.000000419200,  -0.56000,
,,,00.000000419600,  -0.56000,
,,,00.000000420000,  -0.55200,
,,,00.000000420400,  -0.55200,
,,,00.000000420800,  -0.54400,
,,,00.000000421200,  -0.54400,
,,,00.000000421600,  -0.54400,
,,,00.000000422000,  -0.53600,
,,,00.000000422400,  -0.53600,
,,,00.000000422800,  -0.52800,
,,,00.000000423200,  -0.52800,
,,,00.000000423600,  -0.52800,
,,,00.000000424000,  -0.52000,
,,,00.000000424400,  -0.52000,
,,,00.000000424800,  -0.52000,
,,,00.000000425200,  -0.52000,
,,,00.000000425600,  -0.52000,
,,,00.000000426000,  -0.51200,
,,,00.000000426400,  -0.51200,
,,,00.000000426800,  -0.50400,
,,,00.000000427200,  -0.50400,
,,,00.000000427600,  -0.50400,
,,,00.000000428000,  -0.49600,
,,,00.000000428400,  -0.49600,
,,,00.000000428800,  -0.49600,
,,,00.000000429200,  -0.49600,
,,,00.000000429600,  -0.49600,
,,,00.000000430000,  -0.48800,
,,,00.000000430400,  -0.48800,
,,,00.000000430800,  -0.48000,
,,,00.000000431200,  -0.48000,
,,,00.000000431600,  -0.48000,
,,,00.000000432000,  -0.47200,
,,,00.000000432400,  -0.47200,
,,,00.000000432800,  -0.47200,
,,,00.000000433200,  -0.48000,
,,,00.000000433600,  -0.48000,
,,,00.000000434000,  -0.48000,
,,,00.000000434400,  -0.47200,
,,,00.000000434800,  -0.46400,
,,,00.000000435200,  -0.46400,
,,,00.000000435600,  -0.46400,
,,,00.000000436000,  -0.45600,
,,,00.000000436400,  -0.45600,
,,,00.000000436800,  -0.44800,
,,,00.000000437200,  -0.44800,
,,,00.000000437600,  -0.44800,
,,,00.000000438000,  -0.44000,
,,,00.000000438400,  -0.44000,
,,,00.000000438800,  -0.44000,
,,,00.000000439200,  -0.44000,
,,,00.000000439600,  -0.44000,
,,,00.000000440000,  -0.43200,
,,,00.000000440400,  -0.42400,
,,,00.000000440800,  -0.41600,
,,,00.000000441200,  -0.41600,
,,,00.000000441600,  -0.40800,
,,,00.000000442000,  -0.40800,
,,,00.000000442400,  -0.40800,
,,,00.000000442800,  -0.40800,
,,,00.000000443200,  -0.40800,
,,,00.000000443600,  -0.40800,
,,,00.000000444000,  -0.40000,
,,,00.000000444400,  -0.40000,
,,,00.000000444800,  -0.40000,
,,,00.000000445200,  -0.40000,
,,,00.000000445600,  -0.40000,
,,,00.000000446000,  -0.39200,
,,,00.000000446400,  -0.39200,
,,,00.000000446800,  -0.38400,
,,,00.000000447200,  -0.38400,
,,,00.000000447600,  -0.38400,
,,,00.000000448000,  -0.37600,
,,,00.000000448400,  -0.36800,
,,,00.000000448800,  -0.36000,
,,,00.000000449200,  -0.36000,
,,,00.000000449600,  -0.36000,
,,,00.000000450000,  -0.36000,
,,,00.000000450400,  -0.36000,
,,,00.000000450800,  -0.36000,
,,,00.000000451200,  -0.36800,
,,,00.000000451600,  -0.36000,
,,,00.000000452000,  -0.36000,
,,,00.000000452400,  -0.35200,
,,,00.000000452800,  -0.34400,
,,,00.000000453200,  -0.34400,
,,,00.000000453600,  -0.34400,
,,,00.000000454000,  -0.34400,
,,,00.000000454400,  -0.34400,
,,,00.000000454800,  -0.33600,
,,,00.000000455200,  -0.33600,
,,,00.000000455600,  -0.33600,
,,,00.000000456000,  -0.32800,
,,,00.000000456400,  -0.32800,
,,,00.000000456800,  -0.32000,
,,,00.000000457200,  -0.32000,
,,,00.000000457600,  -0.32000,
,,,00.000000458000,  -0.32000,
,,,00.000000458400,  -0.31200,
,,,00.000000458800,  -0.30400,
,,,00.000000459200,  -0.30400,
,,,00.000000459600,  -0.29600,
,,,00.000000460000,  -0.29600,
,,,00.000000460400,  -0.29600,
,,,00.000000460800,  -0.29600,
,,,00.000000461200,  -0.29600,
,,,00.000000461600,  -0.28800,
,,,00.000000462000,  -0.28000,
,,,00.000000462400,  -0.28000,
,,,00.000000462800,  -0.27200,
,,,00.000000463200,  -0.27200,
,,,00.000000463600,  -0.27200,
,,,00.000000464000,  -0.26400,
,,,00.000000464400,  -0.26400,
,,,00.000000464800,  -0.25600,
,,,00.000000465200,  -0.25600,
,,,00.000000465600,  -0.25600,
,,,00.000000466000,  -0.25600,
,,,00.000000466400,  -0.24800,
,,,00.000000466800,  -0.24000,
,,,00.000000467200,  -0.24000,
,,,00.000000467600,  -0.23200,
,,,00.000000468000,  -0.24000,
,,,00.000000468400,  -0.24000,
,,,00.000000468800,  -0.24000,
,,,00.000000469200,  -0.24000,
,,,00.000000469600,  -0.23200,
,,,00.000000470000,  -0.22400,
,,,00.000000470400,  -0.22400,
,,,00.000000470800,  -0.21600,
,,,00.000000471200,  -0.21600,
,,,00.000000471600,  -0.21600,
,,,00.000000472000,  -0.20800,
,,,00.000000472400,  -0.20800,
,,,00.000000472800,  -0.20000,
,,,00.000000473200,  -0.20000,
,,,00.000000473600,  -0.20000,
,,,00.000000474000,  -0.19200,
,,,00.000000474400,  -0.19200,
,,,00.000000474800,  -0.18400,
,,,00.000000475200,  -0.18400,
,,,00.000000475600,  -0.18400,
,,,00.000000476000,  -0.17600,
,,,00.000000476400,  -0.17600,
,,,00.000000476800,  -0.16800,
,,,00.000000477200,  -0.16800,
,,,00.000000477600,  -0.16800,
,,,00.000000478000,  -0.16000,
,,,00.000000478400,  -0.16000,
,,,00.000000478800,  -0.15200,
,,,00.000000479200,  -0.15200,
,,,00.000000479600,  -0.14400,
,,,00.000000480000,  -0.13600,
,,,00.000000480400,  -0.13600,
,,,00.000000480800,  -0.12800,
,,,00.000000481200,  -0.12800,
,,,00.000000481600,  -0.12800,
,,,00.000000482000,  -0.12000,
,,,00.000000482400,  -0.11200,
,,,00.000000482800,  -0.10400,
,,,00.000000483200,  -0.10400,
,,,00.000000483600,  -0.10400,
,,,00.000000484000,  -0.10400,
,,,00.000000484400,  -0.10400,
,,,00.000000484800,  -0.10400,
,,,00.000000485200,  -0.10400,
,,,00.000000485600,  -0.10400,
,,,00.000000486000,  -0.09600,
,,,00.000000486400,  -0.09600,
,,,00.000000486800,  -0.08800,
,,,00.000000487200,  -0.08800,
,,,00.000000487600,  -0.08800,
,,,00.000000488000,  -0.08000,
,,,00.000000488400,  -0.08000,
,,,00.000000488800,  -0.07200,
,,,00.000000489200,  -0.07200,
,,,00.000000489600,  -0.07200,
,,,00.000000490000,  -0.06400,
,,,00.000000490400,  -0.06400,
,,,00.000000490800,  -0.05600,
,,,00.000000491200,  -0.05600,
,,,00.000000491600,  -0.05600,
,,,00.000000492000,  -0.04800,
,,,00.000000492400,  -0.04800,
,,,00.000000492800,  -0.04000,
,,,00.000000493200,  -0.04000,
,,,00.000000493600,  -0.04000,
,,,00.000000494000,  -0.03200,
,,,00.000000494400,  -0.03200,
,,,00.000000494800,  -0.02400,
,,,00.000000495200,  -0.02400,
,,,00.000000495600,  -0.02400,
,,,00.000000496000,  -0.01600,
,,,00.000000496400,  -0.01600,
,,,00.000000496800,  -0.00800,
,,,00.000000497200,  -0.01600,
,,,00.000000497600,  -0.00800,
,,,00.000000498000,  -0.00800,
,,,00.000000498400,   0.00000,
,,,00.000000498800,   0.01600,
,,,00.000000499200,   0.01600,
,,,00.000000499600,   0.02400,
,,,00.000000500000,   0.01600,
,,,00.000000500400,   0.01600,
,,,00.000000500800,   0.01600,
,,,00.000000501200,   0.01600,
,,,00.000000501600,   0.01600,
,,,00.000000502000,   0.02400,
,,,00.000000502400,   0.02400,
,,,00.000000502800,   0.03200,
,,,00.000000503200,   0.03200,
,,,00.000000503600,   0.04000,
,,,00.000000504000,   0.04800,
,,,00.000000504400,   0.05600,
,,,00.000000504800,   0.06400,
,,,00.000000505200,   0.06400,
,,,00.000000505600,   0.07200,
,,,00.000000506000,   0.07200,
,,,00.000000506400,   0.07200,
,,,00.000000506800,   0.07200,
,,,00.000000507200,   0.07200,
,,,00.000000507600,   0.08000,
,,,00.000000508000,   0.08800,
,,,00.000000508400,   0.08800,
,,,00.000000508800,   0.09600,
,,,00.000000509200,   0.09600,
,,,00.000000509600,   0.09600,
,,,00.000000510000,   0.10400,
,,,00.000000510400,   0.10400,
,,,00.000000510800,   0.11200,
,,,00.000000511200,   0.11200,
,,,00.000000511600,   0.11200,
,,,00.000000512000,   0.11200,
,,,00.000000512400,   0.12000,
,,,00.000000512800,   0.12800,
,,,00.000000513200,   0.12800,
,,,00.000000513600,   0.13600,
,,,00.000000514000,   0.14400,
,,,00.000000514400,   0.14400,
,,,00.000000514800,   0.15200,
,,,00.000000515200,   0.15200,
,,,00.000000515600,   0.15200,
,,,00.000000516000,   0.16000,
,,,00.000000516400,   0.16000,
,,,00.000000516800,   0.16000,
,,,00.000000517200,   0.16000,
,,,00.000000517600,   0.16000,
,,,00.000000518000,   0.16800,
,,,00.000000518400,   0.16800,
,,,00.000000518800,   0.17600,
,,,00.000000519200,   0.17600,
,,,00.000000519600,   0.17600,
,,,00.000000520000,   0.18400,
,,,00.000000520400,   0.18400,
,,,00.000000520800,   0.19200,
,,,00.000000521200,   0.19200,
,,,00.000000521600,   0.19200,
,,,00.000000522000,   0.20000,
,,,00.000000522400,   0.20000,
,,,00.000000522800,   0.20800,
,,,00.000000523200,   0.20800,
,,,00.000000523600,   0.20800,
,,,00.000000524000,   0.21600,
,,,00.000000524400,   0.21600,
,,,00.000000524800,   0.22400,
,,,00.000000525200,   0.22400,
,,,00.000000525600,   0.23200,
,,,00.000000526000,   0.24000,
,,,00.000000526400,   0.24000,
,,,00.000000526800,   0.24000,
,,,00.000000527200,   0.24000,
,,,00.000000527600,   0.24000,
,,,00.000000528000,   0.24800,
,,,00.000000528400,   0.24800,
,,,00.000000528800,   0.25600,
,,,00.000000529200,   0.25600,
,,,00.000000529600,   0.26400,
,,,00.000000530000,   0.27200,
,,,00.000000530400,   0.27200,
,,,00.000000530800,   0.27200,
,,,00.000000531200,   0.27200,
,,,00.000000531600,   0.27200,
,,,00.000000532000,   0.28000,
,,,00.000000532400,   0.28000,
,,,00.000000532800,   0.28800,
,,,00.000000533200,   0.28800,
,,,00.000000533600,   0.28800,
,,,00.000000534000,   0.29600,
,,,00.000000534400,   0.29600,
,,,00.000000534800,   0.30400,
,,,00.000000535200,   0.30400,
,,,00.000000535600,   0.30400,
,,,00.000000536000,   0.31200,
,,,00.000000536400,   0.31200,
,,,00.000000536800,   0.32000,
,,,00.000000537200,   0.32000,
,,,00.000000537600,   0.32000,
,,,00.000000538000,   0.32800,
,,,00.000000538400,   0.32800,
,,,00.000000538800,   0.32800,
,,,00.000000539200,   0.32800,
,,,00.000000539600,   0.32800,
,,,00.000000540000,   0.33600,
,,,00.000000540400,   0.33600,
,,,00.000000540800,   0.34400,
,,,00.000000541200,   0.34400,
,,,00.000000541600,   0.34400,
,,,00.000000542000,   0.35200,
,,,00.000000542400,   0.35200,
,,,00.000000542800,   0.36000,
,,,00.000000543200,   0.36000,
,,,00.000000543600,   0.36000,
,,,00.000000544000,   0.36000,
,,,00.000000544400,   0.36000,
,,,00.000000544800,   0.36800,
,,,00.000000545200,   0.36800,
,,,00.000000545600,   0.36800,
,,,00.000000546000,   0.37600,
,,,00.000000546400,   0.37600,
,,,00.000000546800,   0.38400,
,,,00.000000547200,   0.38400,
,,,00.000000547600,   0.38400,
,,,00.000000548000,   0.38400,
,,,00.000000548400,   0.37600,
,,,00.000000548800,   0.38400,
,,,00.000000549200,   0.38400,
,,,00.000000549600,   0.39200,
,,,00.000000550000,   0.40000,
,,,00.000000550400,   0.40000,
,,,00.000000550800,   0.40000,
,,,00.000000551200,   0.40000,
,,,00.000000551600,   0.40800,
,,,00.000000552000,   0.41600,
,,,00.000000552400,   0.42400,
,,,00.000000552800,   0.43200,
,,,00.000000553200,   0.43200,
,,,00.000000553600,   0.43200,
,,,00.000000554000,   0.43200,
,,,00.000000554400,   0.43200,
,,,00.000000554800,   0.44000,
,,,00.000000555200,   0.44000,
,,,00.000000555600,   0.44000,
,,,00.000000556000,   0.44000,
,,,00.000000556400,   0.44000,
,,,00.000000556800,   0.44800,
,,,00.000000557200,   0.44800,
,,,00.000000557600,   0.44800,
,,,00.000000558000,   0.45600,
,,,00.000000558400,   0.45600,
,,,00.000000558800,   0.46400,
,,,00.000000559200,   0.46400,
,,,00.000000559600,   0.46400,
,,,00.000000560000,   0.47200,
,,,00.000000560400,   0.47200,
,,,00.000000560800,   0.48000,
,,,00.000000561200,   0.48000,
,,,00.000000561600,   0.48000,
,,,00.000000562000,   0.48000,
,,,00.000000562400,   0.48000,
,,,00.000000562800,   0.48800,
,,,00.000000563200,   0.48800,
,,,00.000000563600,   0.48800,
,,,00.000000564000,   0.48800,
,,,00.000000564400,   0.48800,
,,,00.000000564800,   0.48800,
,,,00.000000565200,   0.48800,
,,,00.000000565600,   0.48800,
,,,00.000000566000,   0.49600,
,,,00.000000566400,   0.49600,
,,,00.000000566800,   0.49600,
,,,00.000000567200,   0.48800,
,,,00.000000567600,   0.49600,
,,,00.000000568000,   0.49600,
,,,00.000000568400,   0.50400,
,,,00.000000568800,   0.51200,
,,,00.000000569200,   0.51200,
,,,00.000000569600,   0.51200,
,,,00.000000570000,   0.52000,
,,,00.000000570400,   0.52000,
,,,00.000000570800,   0.52800,
,,,00.000000571200,   0.52800,
,,,00.000000571600,   0.52800,
,,,00.000000572000,   0.53600,
,,,00.000000572400,   0.53600,
,,,00.000000572800,   0.53600,
,,,00.000000573200,   0.53600,
,,,00.000000573600,   0.53600,
,,,00.000000574000,   0.53600,
,,,00.000000574400,   0.53600,
,,,00.000000574800,   0.54400,
,,,00.000000575200,   0.54400,
,,,00.000000575600,   0.54400,
,,,00.000000576000,   0.55200,
,,,00.000000576400,   0.55200,
,,,00.000000576800,   0.55200,
,,,00.000000577200,   0.55200,
,,,00.000000577600,   0.55200,
,,,00.000000578000,   0.56000,
,,,00.000000578400,   0.56000,
,,,00.000000578800,   0.56800,
,,,00.000000579200,   0.56800,
,,,00.000000579600,   0.56800,
,,,00.000000580000,   0.56800,
,,,00.000000580400,   0.56800,
,,,00.000000580800,   0.57600,
,,,00.000000581200,   0.57600,
,,,00.000000581600,   0.57600,
,,,00.000000582000,   0.58400,
,,,00.000000582400,   0.58400,
,,,00.000000582800,   0.58400,
,,,00.000000583200,   0.58400,
,,,00.000000583600,   0.58400,
,,,00.000000584000,   0.58400,
,,,00.000000584400,   0.58400,
,,,00.000000584800,   0.59200,
,,,00.000000585200,   0.59200,
,,,00.000000585600,   0.59200,
,,,00.000000586000,   0.60000,
,,,00.000000586400,   0.60000,
,,,00.000000586800,   0.60000,
,,,00.000000587200,   0.60000,
,,,00.000000587600,   0.60000,
,,,00.000000588000,   0.60000,
,,,00.000000588400,   0.60000,
,,,00.000000588800,   0.60000,
,,,00.000000589200,   0.59200,
,,,00.000000589600,   0.59200,
,,,00.000000590000,   0.60000,
,,,00.000000590400,   0.60800,
,,,00.000000590800,   0.61600,
,,,00.000000591200,   0.61600,
,,,00.000000591600,   0.61600,
,,,00.000000592000,   0.61600,
,,,00.000000592400,   0.60800,
,,,00.000000592800,   0.61600,
,,,00.000000593200,   0.61600,
,,,00.000000593600,   0.62400,
,,,00.000000594000,   0.63200,
,,,00.000000594400,   0.62400,
,,,00.000000594800,   0.62400,
,,,00.000000595200,   0.62400,
,,,00.000000595600,   0.62400,
,,,00.000000596000,   0.63200,
,,,00.000000596400,   0.63200,
,,,00.000000596800,   0.64000,
,,,00.000000597200,   0.64000,
,,,00.000000597600,   0.64000,
,,,00.000000598000,   0.64000,
,,,00.000000598400,   0.64000,
,,,00.000000598800,   0.64800,
,,,00.000000599200,   0.64800,
,,,00.000000599600,   0.64800,
,,,00.000000600000,   0.64800,
,,,00.000000600400,   0.64800,
,,,00.000000600800,   0.64800,
,,,00.000000601200,   0.64800,
,,,00.000000601600,   0.64800,
,,,00.000000602000,   0.64800,
,,,00.000000602400,   0.64800,
,,,00.000000602800,   0.64800,
,,,00.000000603200,   0.64800,
,,,00.000000603600,   0.64800,
,,,00.000000604000,   0.64800,
,,,00.000000604400,   0.64800,
,,,00.000000604800,   0.65600,
,,,00.000000605200,   0.65600,
,,,00.000000605600,   0.65600,
,,,00.000000606000,   0.65600,
,,,00.000000606400,   0.65600,
,,,00.000000606800,   0.66400,
,,,00.000000607200,   0.66400,
,,,00.000000607600,   0.67200,
,,,00.000000608000,   0.66400,
,,,00.000000608400,   0.66400,
,,,00.000000608800,   0.66400,
,,,00.000000609200,   0.66400,
,,,00.000000609600,   0.66400,
,,,00.000000610000,   0.67200,
,,,00.000000610400,   0.67200,
,,,00.000000610800,   0.68000,
,,,00.000000611200,   0.67200,
,,,00.000000611600,   0.66400,
,,,00.000000612000,   0.65600,
,,,00.000000612400,   0.65600,
,,,00.000000612800,   0.66400,
,,,00.000000613200,   0.66400,
,,,00.000000613600,   0.66400,
,,,00.000000614000,   0.66400,
,,,00.000000614400,   0.66400,
,,,00.000000614800,   0.66400,
,,,00.000000615200,   0.66400,
,,,00.000000615600,   0.66400,
,,,00.000000616000,   0.67200,
,,,00.000000616400,   0.67200,
,,,00.000000616800,   0.67200,
,,,00.000000617200,   0.66400,
,,,00.000000617600,   0.66400,
,,,00.000000618000,   0.65600,
,,,00.000000618400,   0.65600,
,,,00.000000618800,   0.65600,
,,,00.000000619200,   0.65600,
,,,00.000000619600,   0.65600,
,,,00.000000620000,   0.65600,
,,,00.000000620400,   0.65600,
,,,00.000000620800,   0.65600,
,,,00.000000621200,   0.65600,
,,,00.000000621600,   0.65600,
,,,00.000000622000,   0.64800,
,,,00.000000622400,   0.64800,
,,,00.000000622800,   0.64800,
,,,00.000000623200,   0.64800,
,,,00.000000623600,   0.64800,
,,,00.000000624000,   0.65600,
,,,00.000000624400,   0.65600,
,,,00.000000624800,   0.65600,
,,,00.000000625200,   0.65600,
,,,00.000000625600,   0.65600,
,,,00.000000626000,   0.65600,
,,,00.000000626400,   0.65600,
,,,00.000000626800,   0.65600,
,,,00.000000627200,   0.65600,
,,,00.000000627600,   0.65600,
,,,00.000000628000,   0.64800,
,,,00.000000628400,   0.64800,
,,,00.000000628800,   0.64800,
,,,00.000000629200,   0.64800,
,,,00.000000629600,   0.64800,
,,,00.000000630000,   0.64800,
,,,00.000000630400,   0.64800,
,,,00.000000630800,   0.64800,
,,,00.000000631200,   0.64800,
,,,00.000000631600,   0.64800,
,,,00.000000632000,   0.64000,
,,,00.000000632400,   0.63200,
,,,00.000000632800,   0.63200,
,,,00.000000633200,   0.63200,
,,,00.000000633600,   0.63200,
,,,00.000000634000,   0.63200,
,,,00.000000634400,   0.63200,
,,,00.000000634800,   0.63200,
,,,00.000000635200,   0.63200,
,,,00.000000635600,   0.63200,
,,,00.000000636000,   0.63200,
,,,00.000000636400,   0.63200,
,,,00.000000636800,   0.63200,
,,,00.000000637200,   0.62400,
,,,00.000000637600,   0.62400,
,,,00.000000638000,   0.62400,
,,,00.000000638400,   0.62400,
,,,00.000000638800,   0.63200,
,,,00.000000639200,   0.62400,
,,,00.000000639600,   0.62400,
,,,00.000000640000,   0.61600,
,,,00.000000640400,   0.61600,
,,,00.000000640800,   0.61600,
,,,00.000000641200,   0.61600,
,,,00.000000641600,   0.61600,
,,,00.000000642000,   0.62400,
,,,00.000000642400,   0.61600,
,,,00.000000642800,   0.61600,
,,,00.000000643200,   0.60800,
,,,00.000000643600,   0.60800,
,,,00.000000644000,   0.60000,
,,,00.000000644400,   0.60000,
,,,00.000000644800,   0.60000,
,,,00.000000645200,   0.59200,
,,,00.000000645600,   0.59200,
,,,00.000000646000,   0.58400,
,,,00.000000646400,   0.58400,
,,,00.000000646800,   0.58400,
,,,00.000000647200,   0.58400,
,,,00.000000647600,   0.58400,
,,,00.000000648000,   0.58400,
,,,00.000000648400,   0.58400,
,,,00.000000648800,   0.58400,
,,,00.000000649200,   0.57600,
,,,00.000000649600,   0.57600,
,,,00.000000650000,   0.57600,
,,,00.000000650400,   0.57600,
,,,00.000000650800,   0.57600,
,,,00.000000651200,   0.57600,
,,,00.000000651600,   0.57600,
,,,00.000000652000,   0.57600,
,,,00.000000652400,   0.57600,
,,,00.000000652800,   0.57600,
,,,00.000000653200,   0.57600,
,,,00.000000653600,   0.57600,
,,,00.000000654000,   0.56800,
,,,00.000000654400,   0.56800,
,,,00.000000654800,   0.56800,
,,,00.000000655200,   0.56000,
,,,00.000000655600,   0.56000,
,,,00.000000656000,   0.56000,
,,,00.000000656400,   0.56000,
,,,00.000000656800,   0.56000,
,,,00.000000657200,   0.55200,
,,,00.000000657600,   0.55200,
,,,00.000000658000,   0.54400,
,,,00.000000658400,   0.53600,
,,,00.000000658800,   0.53600,
,,,00.000000659200,   0.53600,
,,,00.000000659600,   0.53600,
,,,00.000000660000,   0.52800,
,,,00.000000660400,   0.52800,
,,,00.000000660800,   0.52800,
,,,00.000000661200,   0.52000,
,,,00.000000661600,   0.52000,
,,,00.000000662000,   0.52000,
,,,00.000000662400,   0.52000,
,,,00.000000662800,   0.52000,
,,,00.000000663200,   0.52000,
,,,00.000000663600,   0.52000,
,,,00.000000664000,   0.52000,
,,,00.000000664400,   0.52000,
,,,00.000000664800,   0.52800,
,,,00.000000665200,   0.52000,
,,,00.000000665600,   0.51200,
,,,00.000000666000,   0.50400,
,,,00.000000666400,   0.50400,
,,,00.000000666800,   0.50400,
,,,00.000000667200,   0.49600,
,,,00.000000667600,   0.49600,
,,,00.000000668000,   0.48800,
,,,00.000000668400,   0.48000,
,,,00.000000668800,   0.48000,
,,,00.000000669200,   0.48000,
,,,00.000000669600,   0.48000,
,,,00.000000670000,   0.47200,
,,,00.000000670400,   0.47200,
,,,00.000000670800,   0.47200,
,,,00.000000671200,   0.46400,
,,,00.000000671600,   0.46400,
,,,00.000000672000,   0.46400,
,,,00.000000672400,   0.46400,
,,,00.000000672800,   0.46400,
,,,00.000000673200,   0.45600,
,,,00.000000673600,   0.45600,
,,,00.000000674000,   0.45600,
,,,00.000000674400,   0.45600,
,,,00.000000674800,   0.45600,
,,,00.000000675200,   0.44800,
,,,00.000000675600,   0.44800,
,,,00.000000676000,   0.44000,
,,,00.000000676400,   0.44000,
,,,00.000000676800,   0.44000,
,,,00.000000677200,   0.43200,
,,,00.000000677600,   0.43200,
,,,00.000000678000,   0.43200,
,,,00.000000678400,   0.43200,
,,,00.000000678800,   0.43200,
,,,00.000000679200,   0.43200,
,,,00.000000679600,   0.43200,
,,,00.000000680000,   0.42400,
,,,00.000000680400,   0.42400,
,,,00.000000680800,   0.42400,
,,,00.000000681200,   0.41600,
,,,00.000000681600,   0.41600,
,,,00.000000682000,   0.40800,
,,,00.000000682400,   0.40800,
,,,00.000000682800,   0.40800,
,,,00.000000683200,   0.40000,
,,,00.000000683600,   0.40000,
,,,00.000000684000,   0.39200,
,,,00.000000684400,   0.39200,
,,,00.000000684800,   0.39200,
,,,00.000000685200,   0.38400,
,,,00.000000685600,   0.37600,
,,,00.000000686000,   0.36800,
,,,00.000000686400,   0.36800,
,,,00.000000686800,   0.36800,
,,,00.000000687200,   0.36800,
,,,00.000000687600,   0.36800,
,,,00.000000688000,   0.37600,
,,,00.000000688400,   0.37600,
,,,00.000000688800,   0.38400,
,,,00.000000689200,   0.37600,
,,,00.000000689600,   0.36800,
,,,00.000000690000,   0.36000,
,,,00.000000690400,   0.36000,
,,,00.000000690800,   0.36000,
,,,00.000000691200,   0.35200,
,,,00.000000691600,   0.35200,
,,,00.000000692000,   0.34400,
,,,00.000000692400,   0.34400,
,,,00.000000692800,   0.34400,
,,,00.000000693200,   0.33600,
,,,00.000000693600,   0.33600,
,,,00.000000694000,   0.32800,
,,,00.000000694400,   0.32800,
,,,00.000000694800,   0.32800,
,,,00.000000695200,   0.32000,
,,,00.000000695600,   0.32000,
,,,00.000000696000,   0.32000,
,,,00.000000696400,   0.32000,
,,,00.000000696800,   0.32000,
,,,00.000000697200,   0.32000,
,,,00.000000697600,   0.32000,
,,,00.000000698000,   0.31200,
,,,00.000000698400,   0.31200,
,,,00.000000698800,   0.30400,
,,,00.000000699200,   0.29600,
,,,00.000000699600,   0.28800,
,,,00.000000700000,   0.28800,
,,,00.000000700400,   0.28800,
,,,00.000000700800,   0.29600,
,,,00.000000701200,   0.28800,
,,,00.000000701600,   0.28800,
,,,00.000000702000,   0.28000,
,,,00.000000702400,   0.27200,
,,,00.000000702800,   0.27200,
,,,00.000000703200,   0.26400,
,,,00.000000703600,   0.25600,
,,,00.000000704000,   0.25600,
,,,00.000000704400,   0.25600,
,,,00.000000704800,   0.25600,
,,,00.000000705200,   0.25600,
,,,00.000000705600,   0.25600,
,,,00.000000706000,   0.24800,
,,,00.000000706400,   0.24000,
,,,00.000000706800,   0.24000,
,,,00.000000707200,   0.23200,
,,,00.000000707600,   0.23200,
,,,00.000000708000,   0.22400,
,,,00.000000708400,   0.22400,
,,,00.000000708800,   0.22400,
,,,00.000000709200,   0.21600,
,,,00.000000709600,   0.21600,
,,,00.000000710000,   0.21600,
,,,00.000000710400,   0.21600,
,,,00.000000710800,   0.21600,
,,,00.000000711200,   0.21600,
,,,00.000000711600,   0.21600,
,,,00.000000712000,   0.20800,
,,,00.000000712400,   0.20000,
,,,00.000000712800,   0.20000,
,,,00.000000713200,   0.19200,
,,,00.000000713600,   0.20000,
,,,00.000000714000,   0.20000,
,,,00.000000714400,   0.20000,
,,,00.000000714800,   0.20000,
,,,00.000000715200,   0.19200,
,,,00.000000715600,   0.19200,
,,,00.000000716000,   0.18400,
,,,00.000000716400,   0.17600,
,,,00.000000716800,   0.17600,
,,,00.000000717200,   0.16800,
,,,00.000000717600,   0.16000,
,,,00.000000718000,   0.16000,
,,,00.000000718400,   0.16000,
,,,00.000000718800,   0.16000,
,,,00.000000719200,   0.15200,
,,,00.000000719600,   0.15200,
,,,00.000000720000,   0.14400,
,,,00.000000720400,   0.14400,
,,,00.000000720800,   0.14400,
,,,00.000000721200,   0.14400,
,,,00.000000721600,   0.14400,
,,,00.000000722000,   0.13600,
,,,00.000000722400,   0.13600,
,,,00.000000722800,   0.13600,
,,,00.000000723200,   0.12800,
,,,00.000000723600,   0.12800,
,,,00.000000724000,   0.12000,
,,,00.000000724400,   0.12000,
,,,00.000000724800,   0.12000,
,,,00.000000725200,   0.11200,
,,,00.000000725600,   0.11200,
,,,00.000000726000,   0.10400,
,,,00.000000726400,   0.10400,
,,,00.000000726800,   0.10400,
,,,00.000000727200,   0.09600,
,,,00.000000727600,   0.09600,
,,,00.000000728000,   0.08800,
,,,00.000000728400,   0.08800,
,,,00.000000728800,   0.08800,
,,,00.000000729200,   0.08000,
,,,00.000000729600,   0.08000,
,,,00.000000730000,   0.08000,
,,,00.000000730400,   0.08000,
,,,00.000000730800,   0.08000,
,,,00.000000731200,   0.07200,
,,,00.000000731600,   0.07200,
,,,00.000000732000,   0.06400,
,,,00.000000732400,   0.05600,
,,,00.000000732800,   0.05600,
,,,00.000000733200,   0.04800,
,,,00.000000733600,   0.04800,
,,,00.000000734000,   0.04000,
,,,00.000000734400,   0.04000,
,,,00.000000734800,   0.04000,
,,,00.000000735200,   0.03200,
,,,00.000000735600,   0.03200,
,,,00.000000736000,   0.02400,
,,,00.000000736400,   0.02400,
,,,00.000000736800,   0.02400,
,,,00.000000737200,   0.02400,
,,,00.000000737600,   0.02400,
,,,00.000000738000,   0.02400,
,,,00.000000738400,   0.02400,
,,,00.000000738800,   0.02400,
,,,00.000000739200,   0.01600,
,,,00.000000739600,   0.01600,
,,,00.000000740000,   0.00800,
,,,00.000000740400,   0.00000,
,,,00.000000740800,   0.00000,
,,,00.000000741200,  -0.00800,
,,,00.000000741600,  -0.00800,
,,,00.000000742000,  -0.01600,
,,,00.000000742400,  -0.01600,
,,,00.000000742800,  -0.01600,
,,,00.000000743200,  -0.02400,
,,,00.000000743600,  -0.02400,
,,,00.000000744000,  -0.03200,
,,,00.000000744400,  -0.03200,
,,,00.000000744800,  -0.03200,
,,,00.000000745200,  -0.04000,
,,,00.000000745600,  -0.04000,
,,,00.000000746000,  -0.04800,
,,,00.000000746400,  -0.04800,
,,,00.000000746800,  -0.04800,
,,,00.000000747200,  -0.04800,
,,,00.000000747600,  -0.04800,
,,,00.000000748000,  -0.05600,
,,,00.000000748400,  -0.05600,
,,,00.000000748800,  -0.06400,
,,,00.000000749200,  -0.07200,
,,,00.000000749600,  -0.08000,
,,,00.000000750000,  -0.08800,
,,,00.000000750400,  -0.08800,
,,,00.000000750800,  -0.08800,
,,,00.000000751200,  -0.08800,
,,,00.000000751600,  -0.08800,
,,,00.000000752000,  -0.08800,
,,,00.000000752400,  -0.08800,
,,,00.000000752800,  -0.08800,
,,,00.000000753200,  -0.09600,
,,,00.000000753600,  -0.10400,
,,,00.000000754000,  -0.10400,
,,,00.000000754400,  -0.10400,
,,,00.000000754800,  -0.10400,
,,,00.000000755200,  -0.11200,
,,,00.000000755600,  -0.11200,
,,,00.000000756000,  -0.12000,
,,,00.000000756400,  -0.12000,
,,,00.000000756800,  -0.12000,
,,,00.000000757200,  -0.12800,
,,,00.000000757600,  -0.12800,
,,,00.000000758000,  -0.12800,
,,,00.000000758400,  -0.12800,
,,,00.000000758800,  -0.12800,
,,,00.000000759200,  -0.13600,
,,,00.000000759600,  -0.13600,
